PDV,SKU,DESCRIÇÃO,MARCA,CURVA,ESTOQUE_ATUAL
24602,1004,FLORATTA DES COL MY BLUE 75ml,BOT,E,6
24602,1428,NSPA LOC ANTIOX DES HID CPO M/RUBY 400ml,BOT,B,6
24602,1630,NSPA DES COL BDY SPLSH M/RUBY 200ml,BOT,B,6
24602,1634,NSPA GEL ESF CPO MORANGO RUBY 175G,BOT,B,6
24602,1650,REF NSPA LOC ANTIOX D H CPO M/RUBY 350ml,BOT,C,5
24602,1786,MAKE B BAS LIQ MATE SALICYLIC 150 30g,BOT,E,4
24602,1788,MAKE B BAS LIQ MATE SALICYLIC 100 30g,BOT,E,1
24602,1789,MAKE B BAS LIQ MATE SALICYLIC 220 30g,BOT,C,1
24602,1790,MAKE B BAS LIQ MATE SALICYLIC 190 30g,BOT,C,1
24602,1806,MAKE B BAS LIQ MATE SALICYLIC 180 30g,BOT,C,2
24602,1808,MAKE B BAS LIQ MATE SALICYLIC 200 30g,BOT,C,1
24602,1861,MAKE B BAS LIQ MATE SALICYLIC 320 30g,BOT,E,2
24602,1862,MAKE B BAS LIQ MATE SALICYLIC 290 30g,BOT,E,2
24602,1863,MAKE B BAS LIQ MATE SALICYLIC 330 30g,BOT,E,2
24602,19734,THATY DES COL BOTICOLL 100ML,BOT,A,74
24602,22249,FREE DES COL BOTICOLL 100ml V4,BOT,A,38
24602,2239,INTENSE BAS LIQ MATE CAMUFL POP 100 20ml,BOT,E,5
24602,2240,INTENSE BAS LIQ MATE CAMUFL POP 120 20ml,BOT,E,5
24602,2252,INTENSE BAS LIQ MATE CAMUFL POP 140 20ml,BOT,C,5
24602,2256,INTENSE BAS LIQ MATE CAMUFL POP 160 20ml,BOT,C,10
24602,2257,INTENSE BAS LIQ MATE CAMUFL POP 190 20ml,BOT,C,0
24602,2276,INTENSE BAS LIQ MATE CAMUFL POP 300 20ml,BOT,E,1
24602,25458,FLORATTA DES COL BLUE 75ml,BOT,E,31
24602,27707,BOTICOLL CONNEXION DES COL 100ml V2,BOT,A,23
24602,27858,MAKE B LAP RETR P/OLH PRET PCK,BOT,B,2
24602,27861,MAKE B LAP P/OLH GEL ULTRABLACK,BOT,E,5
24602,29046,BOTICOLL CONNEX DES BDY SPR 100ml V6 PCK,BOT,B,0
24602,30247,EGEO DES COL PINA BLAST 90ml,BOT,B,23
24602,30363,EGEO DES COL CHERRY BLAST 90ml,BOT,B,1
24602,33424,ESTJ FLORATTA FLOWERS SORT REG/22,BOT,B,0
24602,33427,LILY GELEIA DES HID CORPORAL GLOW 250g,BOT,B,6
24602,3517,CAIXA P INST 2021 VERDE ECONOMICA,BOT,E,144
24602,3530,CAIXA M INST 2021 VERDE ECONOMICA,BOT,E,50793
24602,3542,CAIXA G INST 2021 ROSA ECONOMICA,BOT,E,40
24602,3554,CAIXA G INST 2021 VERDE ECONOMICA,BOT,E,11
24602,35782,FAIXA DE CABELO O BOTICARIO,BOT,E,1
24602,36216,MOUSE PIMENTA NAM/2010,BOT,E,1
24602,36487,REF MAKE B PO COMP FAC HYAL 40 8g,BOT,E,5
24602,36488,REF MAKE B PO COMP FAC HYAL 50 8g,BOT,C,1
24602,36637,REF MAKE B PO COMP FAC HYAL 60 8G,BOT,E,2
24602,36826,REF MAKE B PO COMP FAC HYAL 70 8g,BOT,E,2
24602,37159,REF MAKE B PO COMP FAC HYAL 80 8g,BOT,E,2
24602,37648,INTENSE NECESS DE NAT/12,BOT,E,1
24602,37693,REF MAKE B PO COMP FAC HYAL 10 8g,BOT,E,2
24602,37694,REF MAKE B PO COMP FAC HYAL 20 8G,BOT,E,2
24602,37695,REF MAKE B PO COMP FAC HYAL 25 8G,BOT,C,2
24602,37696,REF MAKE B PO COMP FAC HYAL 15 8G,BOT,E,2
24602,37699,REF MAKE B PO COMP FAC HYAL 30 8g,BOT,E,2
24602,37923,NSPA ORGANIZADOR 2012,BOT,E,2
24602,38177,NSPA TOUCA BNH,BOT,E,1
24602,38476,BOT PINCEL FAN IND V3,BOT,E,1
24602,38480,BOT PINCEL DELINEAR SOMB BOCA IND V4,BOT,E,4
24602,39235,CELEBRE DES BDY SPR FORCA 100ml,BOT,C,4
24602,39282,LENCO EM POLIESTER BRASILIDADE 2014,BOT,E,2
24602,39285,MAXI BOLSA POLIESTER BRAS/14,BOT,E,1
24602,39415,MAKE B PINCEL KABUKI T/C,BOT,E,1
24602,40001,KIT INTENSE PINCEL CIRCUS MALABARES,BOT,E,1
24602,40028,APARELHO LIMPEZA FACIAL ABS MAKE B 2016,BOT,E,1
24602,40088,MAKE B PINCEL APLICAR SOMBRA,BOT,E,1
24602,40092,MAKE B PINCEL RETRATIL LABIOS,BOT,E,2
24602,40220,ESTJ CBEM NUVEM REG/22,BOT,E,12
24602,40801,PRENDEDOR CANGA EM PP CUIDE-SE BEM 2015,BOT,E,9
24602,41449,INTENSE PORTA BATOM PINK EM PAPEL,BOT,E,1
24602,41624,MAKE B PINCEL CONTORNO FACIAL,BOT,E,1
24602,43909,BOTI BABY MOCHI MAT UNSX POL C/ALC,BOT,E,1
24602,43912,DR BOTICA MOCHILA FIDO POLIESTER C/ALC,BOT,E,2
24602,43932,MATCH ESCV P/MODELAR E ALISAR ABS,BOT,E,3
24602,43945,MAKE B ESPNJ KONJAC,BOT,E,2
24602,43955,MATCH PENTE P/VOL PA,BOT,E,1
24602,4472,BOTIK GEL SEC P/ACNE ACID MAND/SALIC 15G,BOT,E,2
24602,4473,BOTIK GEL LIMP FAC MCLR AC MAND/SAL 150g,BOT,E,2
24602,4480,BOTIK ACQ GEL HID FAC ANTIS AC/POLIG 50g,BOT,E,3
24602,44801,CBEM BOLSA VERAO PES C/A,BOT,E,1
24602,44807,MATCH ESTJ PRATICO P/CABELOS,BOT,E,1
24602,4481,BOTIK CREM HID FAC FIRM AC/POLIGL 50g,BOT,B,1
24602,4482,BOTIK LOC HID ANTIOL ACI POL FAC 110ml,BOT,C,7
24602,45025,BOTI BABY FRASQ TROCADOR CINZA PES C/A,BOT,E,1
24602,4510,REF BOTIK CR FAC FIRM AC/HIALUR 40g,BOT,E,4
24602,4520,BOTIK GEL CR FAC FIRM AC/HIALUR 40g,BOT,B,7
24602,4522,REF BOTIK GEL CR FAC FIRM AC/HIAL 40g V2,BOT,E,6
24602,4539,BOTIK CR FAC FIRMADOR AC/HIAL 40G V2,BOT,E,0
24602,45548,MAKE B BOLSA UNLIMITED MESH PES C/A,BOT,E,1
24602,45551,MAKE B TAPETE LIMP PINCEIS SILICONE,BOT,E,2
24602,45600,INTENSE ADESIVO FACIAL PS,BOT,E,1
24602,45627,INTENSE CJ PINC MINI FAC C/4,BOT,E,1
24602,45948,BOTI NECESS POCHETE PRETA PES C/A,BOT,E,1
24602,46373,MAKE B MALET MAQUIAGEM C/ALC PU,BOT,E,1
24602,46758,CELEBRE BOLSA FEM PRATA PU C/ALC,BOT,E,1
24602,46898,ZAAD EDP EXPEDITION 95ml,BOT,B,48
24602,46948,ARBO SHW GEL CAB/CPO 75G,BOT,E,14
24602,47144,CBEM DES ANTIT AER PROTECT/BTY 90g/150ml,BOT,C,11
24602,47146,CBEM DES ANTIT AER INV PROTECT 90g/150ml,BOT,C,12
24602,47147,CBEM DES ROLL INV PROTECT 55ml,BOT,C,0
24602,47148,CBEM DES ANT AER CLIN ULT/PROT 90g/150ml,BOT,E,3
24602,47149,MEN DES ANT AER CLIN ULTR/PROT 90G/150ML,BOT,C,1
24602,47150,MEN DES ANTIT AER COOL PROTECT 90g/150ml,BOT,E,2
24602,47151,CBEM DES ANTIT AER S/ALUM 90g/150ml,BOT,E,2
24602,47152,MEN DES ANTIT AER INV PROTECT 90g/150ml,BOT,C,5
24602,47165,CBEM DES ANTIT CR CLIN ULTRA PROTECT 50g,BOT,C,5
24602,47299,NSPA COND SOLIDO 75G,BOT,E,2
24602,47321,BOTIK SRUM ALT/POT ACID MAND/TRANEX 30ML,BOT,C,10
24602,47339,LIZ DES COL SUBLIME 100ml,BOT,A,20
24602,47550,BOTIK GEL CR UNIFOR OLH AC MAND/TRAN 15g,BOT,E,8
24602,47552,BOTICA 214 EDP FOUG AROM VER/FIRENZ 90ml,BOT,E,21
24602,47553,BOTICA 214 EDP FLOR FRUT VER/FIRENZ 75ml,BOT,B,4
24602,47596,BOTI SUN GEL POS SOL ACQUA GEL 120G,BOT,E,6
24602,47598,BOTI SUN PR FAC ANTIOL ACQ FL FPS30 40ml,BOT,C,9
24602,47599,BOTI SUN PROT FAC ANTIOL A/FL FPS70 40ml,BOT,B,3
24602,47600,BOTI SUN PR FAC ANTIS ACQ FLD FPS30 40ml,BOT,C,4
24602,47601,INSTANCE DES ANTIT ROLL FR/VERM 55ml,EUD,E,0
24602,47602,BOTI SUN PR FAC ANTIS ACQ FLD FPS70 40ml,BOT,C,4
24602,47629,BOTICA 214 EDP GOLD/GARD 75ml V2,BOT,A,9
24602,47729,BOTIK MASSAG LIMP FAC QUARTZO,BOT,E,2
24602,47779,BOTI BABY LOC HID CPO NAN/NEN 150ml,BOT,C,8
24602,47814,INSTANCE DES ROLL ON CHA VDE/ROMA 55ml,EUD,E,0
24602,47851,ARBO DES COL FOREST 100ml,BOT,B,1
24602,47852,ARBO DES SPR FOREST 100ml,BOT,E,9
24602,47905,BOTICOLL ACQUA FRESCA DES COL 100ml V2,BOT,B,1
24602,47908,DREAM DES COL SPLSH VIAG/ENC 200ml V2,BOT,E,0
24602,47949,THE BLEND EDP 100ml V2,BOT,A,11
24602,47950,ZAAD EDP 95ml V6,BOT,A,9
24602,47960,BOTI SUN PROT CPO SPR ACQ/FL FPS50 180ml,BOT,E,5
24602,47962,BOTI SUN PROT SOL FAC ULT FLD FPS70 40ml,BOT,C,5
24602,47963,BOTI SUN PROT SOL CPO GEL CR FPS50 200g,BOT,C,3
24602,47968,MATCH LEAVE IN 150ml,BOT,C,18
24602,47969,INTENSE SAB LIQ DEMAQ 85ml V2,BOT,C,2
24602,48015,MAKE B PRIMER FAC HYAL 16ml,BOT,E,2
24602,48059,REF LILY CR H DES ACET CPO LOVE 250g V2,BOT,C,1
24602,48060,LILY CREM DES HID ACET CPO 250g V8,BOT,A,66
24602,48062,REF LILY CR ACET DES HID CPO 250g V2,BOT,A,23
24602,48100,CBEM COND FEIRA BANANA 170ml,BOT,E,2
24602,48130,MALBEC DES COL 100ml V5,BOT,E,32
24602,48133,MALBEC DES COL VERT 100ml V2,BOT,B,0
24602,48136,FLORATTA DES COL F/SECRET 75ml V2,BOT,E,85
24602,48139,COFFEE DES COL WOMAN SEDUC 100ml V5,BOT,E,19
24602,48141,ACCORDES DES COL 80ml V5,BOT,A,15
24602,48142,FLORATTA DES COL CER/FLOR 75ml V4,BOT,A,69
24602,48143,ELYSEE EDP BLANC 50ml V2,BOT,B,8
24602,48144,INSENSATEZ DES COL 100ml V3,BOT,E,36
24602,48145,BOTICOLL ANNI DES COL 100ml V2,BOT,B,18
24602,48146,ELYSEE EDP NUIT 50ml V2,BOT,B,15
24602,48181,LILY OL PERF DES CPO 150ml V11,BOT,B,13
24602,48280,NSPA DES COL BDY SPLSH AMEI/NEG 200ml V2,BOT,B,22
24602,48281,NSPA LOC DES HID CPO AMEI/NEG 400ml V3,BOT,A,7
24602,48282,NSPA LOC DES HID CPO AMEI 400ml V6,BOT,A,49
24602,48285,NSPA SAB LIQ CPO AMEI 200ml V3,BOT,E,0
24602,48287,NSPA CR ANTIS MAO FPS 15 QUINOA 75g V2,BOT,C,4
24602,48288,NSPA SHAMP AMEI 300ml V2,BOT,B,1
24602,48290,NSPA DES COL BDY SPLSH AMEI 200ml V2,BOT,A,16
24602,48296,FLORATTA DES COL ROSE BOUQUET 75ml,BOT,E,40
24602,48298,FLORATTA DES COL ROSE BOUQUET PRM 10ml,BOT,E,68
24602,48303,FLORATTA DES COL RED V2 75ml,BOT,A,84
24602,48307,FLORATTA DES COL F/SECRET V3 75ml,BOT,B,200
24602,48310,FLORATTA DES COL BLUE V2 75ml,BOT,A,86
24602,48313,FLORATTA DES COL ROSE V4 75ml,BOT,A,83
24602,48315,FLORATTA DES COL GOLD V3 75ml,BOT,B,9
24602,48352,BOTICOLL ACQUA FRESCA DES COL 200ml V2,BOT,B,32
24602,48361,BOTICOLL ANNI DES COL 200ml V2,BOT,B,9
24602,48365,COFFEE DES COL MAN SEDUC 100ml V4,BOT,B,0
24602,48367,ZAAD DES ANTIT AER MONDO 75g V3,BOT,E,1
24602,48375,ELYSEE CR DES HID ACET CPO BLANC 250g V2,BOT,E,16
24602,48381,MALBEC DES ANTIT ROLL 55ml V9,BOT,B,0
24602,48508,LILY OL PRODIG ACET MULTIF 50ml,BOT,B,27
24602,48510,LILY CR HID MAO 50g,BOT,B,18
24602,48511,LILY SHAMP ACET 250ml,BOT,B,1
24602,48514,LILY COND ACET 250ml,BOT,B,11
24602,48562,NSPA CR HID MAO AMEI/NEG 75g V2,BOT,E,2
24602,48573,EGEO DES COL DOLCE COLORS 90ML V2,BOT,E,4
24602,48621,FLORATTA EDP FLEUR D ECLIPSE 75ml,BOT,E,1
24602,48625,FLORATTA LOC DES HID CPO FL/D ECLIP 200g,BOT,C,6
24602,48634,DREAM DES COL SPLSH AMOR NO AR 200ml V2,BOT,E,0
24602,48635,FLORATTA DES COL ROSE 75ml V3,BOT,E,83
24602,48645,ELYSEE CR HID DES CPO NUIT 250g V2,BOT,B,9
24602,48646,FLORATTA CR DES HID CPO ROSE 200ml V5,BOT,E,16
24602,48653,ELYSEE DES ANTIT AEROSSOL 75g V3,BOT,C,4
24602,48654,FLORATTA DES ANTIT AER BLUE 75g V10,BOT,E,1
24602,48657,EGEO DES ANTIT AEROSSOL DOLCE 75g V9,BOT,C,1
24602,48664,BOTICOLL PORTINARI DES COL 100ml V5,BOT,B,14
24602,48672,NSPA LOC DES HID CPO AMEI/NEG 200ml V4,BOT,B,14
24602,48673,NSPA LOC DES HID CPO AMEI 200ml V5,BOT,B,14
24602,48676,REF NSPA LOC DES HID CPO AMEI 400ml V2,BOT,E,38
24602,48685,COFFEE LOC HID DES CPO W/SEDUC 200ml V2,BOT,C,12
24602,48687,MEN PROT FAC FPS 30 48ml V4,BOT,E,2
24602,48696,LILY DES ANTIT AEROSSOL 75g V9,BOT,C,16
24602,48761,EGEO DES ANTIT AER RED 75g V3,BOT,C,11
24602,48768,NSPA CR HID MAO AMEI 75g V5,BOT,C,15
24602,48774,NSPA DES ANTIT AEROSOL AMEI 75g V2,BOT,C,1
24602,48779,BOTICOLL PORTINARI DES BDY SPR 100ml V7,BOT,B,15
24602,48780,COFFEE DES ANTIT AER WOMAN SEDUC 75g V4,BOT,E,13
24602,48785,MALBEC DES BDY SPR 100ml V4 PCK,BOT,A,0
24602,48787,MALBEC DES COL SPRT 100ml V3,BOT,E,1
24602,48788,REF BOTICOLL PORTINARI DES B/SP 100ml V6,BOT,C,0
24602,48789,THE BLEND DES ANTIT AER 75g/125ml V3,BOT,C,11
24602,48790,REFIL MALBEC DES BDY SPR REG 100ml PK V5,BOT,B,2
24602,48963,CBEM COND LISO PERF 250ml V3,BOT,E,0
24602,48966,CBEM COND CACH EXUB 250ml V3,BOT,E,1
24602,48967,CBEM CREM PENT CACH 200g V3,BOT,E,2
24602,48974,INTENSE BAS LIQ CORRET REB HD C60 24g V2,BOT,E,1
24602,48976,INTENSE BAS LIQ CORRET REB HD C3 24g V2,BOT,E,5
24602,48977,INTENSE BAS LIQ CORRET REB HD C37 24g V2,BOT,E,1
24602,48982,INTENSE BAS LIQ CORRET REB HD C30 24g V2,BOT,E,5
24602,48995,NSPA COND QUINOA 300ml V2,BOT,E,3
24602,48997,NSPA OL DES HID CPO AMEI 200ml V3,BOT,B,12
24602,48999,NSPA OL DES HID CPO AMEI/NEG 200ml V3,BOT,B,12
24602,49016,ACCORDES DES BDY SPR 100ml V6,BOT,B,13
24602,49023,DREAM LOC DES HID CPO CEU/BAUN 200ml V2,BOT,C,1
24602,49025,FLORATTA DES BDY SPR ROSE 100ml V8,BOT,B,0
24602,49039,ZAAD DES COL BDY SPLSH 200ml,BOT,B,1
24602,49048,CBEM CREM HID P/MAOS NUVEM V4 45g,BOT,B,5
24602,49049,CBEM CREM HID P/MAOS BEIJINHO V2 45g,BOT,E,2
24602,49053,REF CBEM CREM HID MAOS NUVEM 40g,BOT,C,4
24602,49054,REF CBEM CREM HID MAOS BEIJINHO 40g,BOT,C,3
24602,49055,REF CBEM CREM HID MAOS DELEITE 40g,BOT,C,1
24602,49091,MATCH MASC CAP NUTR REGENERADORA 250g,BOT,C,6
24602,49092,MATCH OL BIF NUTR REGENERADORA 90ml,BOT,E,9
24602,49102,MATCH MASC CAP NUTR REGEN PRM 50ml,BOT,E,6
24602,49150,MATCH SPR CAP MULTIBENEFICIOS V2 150ml,BOT,C,13
24602,49154,COFFEE DES COL UNIQ WOM FL/GOURM 100ml,BOT,E,44
24602,49193,COFFEE DES COL UNIQ MAN FOUG/OR 100ml,BOT,E,47
24602,49217,NSPA SAB LIQ CPO MORANGO RUBY 200ml,BOT,C,4
24602,49242,COFFEE DES ANTIT AER WOM/SEDUC V5 75g,BOT,C,13
24602,49244,COFFEE D/COL MAN ORIENT/AMB V4 100ml,BOT,B,15
24602,49252,COFFEE D/C SEDUC/WOM/FLORIEN/FR V6 100ml,BOT,A,19
24602,49264,SOPHIE COND 200ml V2,BOT,C,1
24602,49265,SOPHIE SHAMP 200ml V2,BOT,C,2
24602,49286,ZAAD BALM POS BARBA 40G V3,BOT,C,5
24602,49288,ESTJ ARBO REG/22,BOT,B,20
24602,49291,ESTJ MALBEC REG/22,BOT,E,3
24602,49353,BOTICA 214 EDP PEON/APRCT 75ml V2,BOT,B,9
24602,49378,MATCH FLD SELAD CAP PROT/LOIROS 100ml,BOT,E,2
24602,49379,MATCH ACIDIFICANTE 100ml,BOT,C,16
24602,49401,CASA 214 SAB LIQ MULTIF VAN/SUBLIM 400ml,BOT,E,6
24602,49403,BOTIK SRUM ALT/POT RETINOL PURO 15ml,BOT,C,1
24602,49680,LILY DES COL LEAU DE LILY SOLEIL 75ml,BOT,B,30
24602,49765,UOMINI DES COL V6 100ml,BOT,A,13
24602,49766,UOMINI DES COL BLACK V6 100ml,BOT,B,0
24602,49812,EGEO DES COL ORIGNL 90ml V2,BOT,B,27
24602,49813,EGEO SHW GEL CPO ORIGNL 200g V2,BOT,C,2
24602,49823,REF CBEM LOC DES H CPO BEIJINHO V2 350ml,BOT,C,2
24602,49824,CBEM LOC DES HID CPO BEIJINHO V2 200ml,BOT,C,0
24602,49825,CBEM LOC DES HID CPO BEIJINHO V2 400ml,BOT,E,8
24602,49878,CBEM LOC DES HID CPO BOA NOITE V2 400ml,BOT,B,73
24602,49879,REF CBEM LOC DES HID CPO BOA NOITE 350ml,BOT,C,13
24602,49880,CBEM LOC DES HID CPO BOA NOITE V2 200ml,BOT,C,15
24602,49887,REF CBEM LOC DES HID CPO NUVEM V3 350ml,BOT,B,73
24602,49888,CBEM LOC DES HID CPO NUVEM V3 400ml,BOT,B,106
24602,49890,CBEM LOC DES HID CPO NUVEM V3 200ml,BOT,B,0
24602,49893,CBEM LOC DES HID CPO ROS/ALG V3 400ml,BOT,B,70
24602,49896,CBEM LOC DES HID CPO ROS/ALG V3 200ml,BOT,C,13
24602,49897,CBEM LOC DES HID CPO CER/LIV V2 400ml,BOT,B,13
24602,49898,CBEM LOC DES HID CPO CER/LIV V2 200ml,BOT,B,22
24602,49903,CBEM LOC DES HID CPO PESSEGURA V2 200ml,BOT,B,23
24602,49917,SOPHIE PANTERA NEGRA PENT GARFO ABS,BOT,E,3
24602,49924,INTENSE TOALHINHAS DE ALG RECICLAVEL,BOT,E,1
24602,49943,CBEM LOC DES HID CPO PESSEGURA V2 400ml,BOT,C,12
24602,49944,REF CBEM LOC DES H CPO PESSEGUR V2 350ml,BOT,C,21
24602,49945,REF CBEM LOC DES H CPO ROS/ALG V3 350ml,BOT,B,47
24602,49954,NSPA LOC DES HID FIRM QUINOA 400ml V2,BOT,E,9
24602,49957,REF NSPA LOC DES HID CPO ORQ NOIRE 350ml,BOT,B,18
24602,49958,NSPA LOC DES HID CPO ORQ NOIRE 400ml,BOT,B,23
24602,49959,NSPA LOC DES HID CPO ORQ NOIRE 200ml,BOT,C,18
24602,49960,NSPA DES COL BDY SPLSH ORQ NOIRE 200ml,BOT,B,16
24602,49963,NSPA SAB ESF CPO ORQ NOIRE 175ML,BOT,C,9
24602,49964,NSPA CREM MASSAGEM ORQ NOIRE 200g,BOT,E,2
24602,49970,FLORATTA DES COL BDY SPLSH RED 200ml,BOT,B,12
24602,49973,FLORATTA DES COL RED BLOSSOM 75ml,BOT,E,14
24602,49978,FLORATTA DES COL RED BLOSSOM PRM 10ml,BOT,E,0
24602,50017,LILY SERUM LEAVE CAP ACET 100ml,BOT,C,2
24602,50021,QUASAR DES ANTIT AEROSOL 250ml,BOT,E,4
24602,50022,HER CODE EDP 50ml,BOT,A,49
24602,50026,FLORATTA DES ANTIT AEROSOL BLUE 250ml,BOT,E,3
24602,50052,ARBO LOC DES HID CPO 75ml,BOT,C,1
24602,5009,MA CHERIE DES COL 100ml V6,BOT,B,13
24602,50125,MALBEC DES BDY SPR ULTRA BLEU 100ml,BOT,B,9
24602,50187,CBEM SAB LIQ CPO BORB SHOW/BNH 150ml,BOT,E,12
24602,50188,CBEM SAB LIQ ESF CPO SHOW/BNH 150ml,BOT,E,1
24602,50192,REF CBEM LOC DES HID CPO SHOW/BNH 350ml,BOT,E,3
24602,50207,MALBEC TON CAP 2/1 CLUB V2 100ml,BOT,E,1
24602,50210,MALBEC SHAMP TR ANTICASPA CLUB V2 250ml,BOT,E,4
24602,50212,MALBEC COND TRAT ANTIC CLUB 250ML V2,BOT,E,4
24602,50213,MALBEC POMAD MOD CAP ANTIC CLUB V2 85g,BOT,E,1
24602,50218,MALBEC CREM HID MULTIF CLUB V2 50ml,BOT,E,1
24602,50221,MALBEC SHW GEL CAB/CPO CLUB 250g,BOT,E,13
24602,50230,MALBEC SHAMP CABELOS OL CLUB 250ML,BOT,E,2
24602,50380,"INTENSE BAT GLOSS STICK VERM 3,2g",BOT,E,9
24602,50381,"INTENSE BAT GLOSS STICK MARSALA 3,2g",BOT,E,3
24602,50395,BOTI SUN PROT SOL CPO FPS30 200g,BOT,C,6
24602,50396,BOTI SUN PROT SOL FAC FPS30 ULT FLD 40ml,BOT,C,7
24602,50418,UOMINI DES COL INFINITE V2 100ml,BOT,B,27
24602,50644,CBEM LOC DES HID CPO BUBBALOO UVA 200ml,BOT,E,1
24602,50645,CBEM LOC DES HID CPO BUBBALOO MOR 200ml,BOT,E,1
24602,50651,ARBO DES COL INT 100ml,BOT,A,57
24602,50655,ARBO DES BDY SPR INTENSO 100ml,BOT,E,10
24602,50659,UOMINI DES ANTIT AER SPIRIT 75g,BOT,E,0
24602,50662,QUASAR DES COL VISION 100ml,BOT,B,71
24602,50677,CLASH DES COL 100ml,BOT,A,46
24602,50678,REF CLASH DES COL 100ml,BOT,E,25
24602,50680,MAKE B BAT LIQ MAT C/AC POLIG BROWN 5ML,BOT,E,1
24602,50705,"MAKE B BLUSH PO C/AC POLIG CORAL 5,5g",BOT,E,3
24602,50706,"MAKE B BLUSH PO C/AC POLIG ROSE 5,5g",BOT,C,2
24602,50707,CLASH DES COL PRM 10ml,BOT,E,23
24602,50732,UOMINI DES COL SPIRIT 100ml,BOT,A,37
24602,50863,REF QUASAR DES COL BLUE 100ml,BOT,E,2
24602,50879,CBEM SAB BARRA PESSEGURA V2 4x80g,BOT,B,77
24602,50880,CBEM SAB BARRA DELEITE 4x80g,BOT,E,22
24602,50881,CBEM DES COL BDY SPLSH DELEITE V3 200ml,BOT,B,14
24602,50882,CBEM SAB BARRA BOA NOITE V2 4x80g,BOT,B,18
24602,50888,MAKE B MASC GEL P/SOBRANC BROW LAMIN 4g,BOT,E,2
24602,50956,CLASH DES BDY SPR 100ml,BOT,B,15
24602,51068,BOTIK GEL LIMP FAC MICLR AC MAND/SAL 50g,BOT,E,2
24602,51072,BOTIK ESPUM LIMP FAC NUTR AC/POLIG 150ml,BOT,E,1
24602,51122,CBEM SAB LIQ ESF CPO BOA NOITE V2 200ml,BOT,C,15
24602,51123,CBEM DES COL BDY SPLSH BOA NOIT V2 200ml,BOT,A,24
24602,51124,CBEM SAB BARRA BOA NOITE V2 2x80g,BOT,B,20
24602,51126,CBEM SAB BARRA DELEITE V3 2x80g,BOT,E,1
24602,51129,CBEM DES ANTIT AER NUVEM V3 75g,BOT,C,10
24602,51130,CBEM DES COL BDY SPLSH BEIJINHO V2 200ml,BOT,B,28
24602,51147,CBEM DES COL BDY SPLSH NUVEM V3 200ml,BOT,A,24
24602,51161,CBEM DES ANTIT AER R/ALG V3 125ml,BOT,C,11
24602,51163,CBEM DES COL BDY SPLSH R/ALG V3 200ml,BOT,B,21
24602,51164,CBEM DES ANTIT CR R/ALG V3 80g,BOT,C,11
24602,51165,CBEM SAB BARRA ROSA/ALGODAO 4x80g,BOT,B,30
24602,51166,CBEM SAB BARRA ROSA/ALGODAO V8 2x80g,BOT,B,65
24602,51167,CBEM DES ANTIT CREM S/PERF V2 80g,BOT,B,9
24602,51168,CBEM SAB LIQ INT CER LIVRE V2 200ml,BOT,E,23
24602,51174,MAKE B BAT LIQ MAT C/AC POLIG W/CASH 5ml,BOT,E,1
24602,51175,MAKE B BAT LIQ MAT C/AC POLIG EX/ROS 5ml,BOT,E,1
24602,51176,MAKE B BAT LIQ DIAM C/AC POL LUXURY 5ML,BOT,B,5
24602,51177,MAKE B BAT LIQ MAT C/AC POLIG G/BERR 5ml,BOT,E,2
24602,51179,"MAKE B BLUSH PO C/AC POLIG BROWN 5,5g",BOT,C,1
24602,51180,MAKE B GLOS LAB C/AC POLIG CRYST/ICO 5ml,BOT,C,2
24602,51181,MAKE B BAT LIQ MAT C/AC POLIG BR/WIN 5ml,BOT,E,1
24602,51184,MAKE B BAT LIQ DIAM C/AC POL PLAT 5ML,BOT,C,12
24602,51185,MAKE B BAT LIQ DIAM C/AC POLIG GLOW 5ml,BOT,C,2
24602,51190,"MAKE B BALM LAB MICRO TINT ROSEWAT 3,6g",BOT,E,20
24602,51191,"MAKE B BALM LAB MICR TINT GRAP WINE 3,6g",BOT,C,16
24602,51214,QUASAR DES ANTIT AER BLUE V10 75g,BOT,C,1
24602,51225,BOTICOLL SAB BARR CPO PERF 5x80g V2,BOT,A,6
24602,51226,CBEM SAB BARRA NUVEM V5 2x80g,BOT,B,9
24602,51227,CBEM SAB BARRA NUVEM 4x80g,BOT,B,17
24602,51229,CBEM DES ANTIT ROLL ON R/ALG V3 55ml,BOT,C,13
24602,51231,CBEM SAB BARRA CEREJA LIVRE V2 2x80g,BOT,B,36
24602,51236,CBEM DES COL BDY SPLSH PESSEGUR V2 200ml,BOT,A,15
24602,51237,CBEM CREM ESF CPO PESSEGURA V2 230g,BOT,C,6
24602,51239,CBEM DES COL BDY SPLSH CER/LIV V2 200ml,BOT,B,14
24602,51242,QUASAR DES COL BRAVE V2 100ml,BOT,B,28
24602,51243,QUASAR DES COL CLASSIC 100ml,BOT,B,104
24602,51244,QUASAR DES COL BLUE V4 100ml,BOT,A,35
24602,5125,MA CHERIE LOC DESC HID CPO 200ml,BOT,C,2
24602,51261,QUASAR DES B/SPR BLUE RPCK 100ml,BOT,B,19
24602,51268,MAKE B BAS LIQ C/ GLYC TX 130 30g,BOT,E,2
24602,51269,MAKE B BAS LIQ C/ GLYC TX 210 30g,BOT,E,2
24602,51270,MAKE B BAS LIQ C/ GLYCOLIC TX 300 30g,BOT,E,2
24602,51271,MAKE B BAS LIQ C/ GLYC TX  190 30g,BOT,E,2
24602,51272,MAKE B BAS LIQ C/ GLYCOLIC TX 120 30g,BOT,E,1
24602,51273,MAKE B BAS LIQ C/ GLYC TX 260 30g,BOT,E,1
24602,51275,MAKE B BAS LIQ C/ GLYC TX 180 30g,BOT,E,1
24602,51276,MAKE B BAS LIQ C/ GLYC TX  230 30g,BOT,E,2
24602,51278,MAKE B BAS LIQ C/ GLYC TX 100 30g,BOT,E,2
24602,51280,MAKE B BAS LIQ C/ GLYC TX 220 30G,BOT,E,2
24602,51281,MAKE B BAS LIQ C/ GLYCOLIC TX 320 30g,BOT,E,2
24602,51282,MAKE B BAS LIQ C/ GLYC TX  330 30G,BOT,E,2
24602,51315,MALBEC DES ANTIT AER ELEGANT 125ml,BOT,E,22
24602,51322,ESTJ QDB SKIN Q COMBATE OLEOSIDADE,QDB,E,0
24602,51324,QUASAR DES SPR RUSH V2 100ml,BOT,B,21
24602,51383,"REF MAKE B BAT MATE C/AC POL R/FAB 4,0g",BOT,E,1
24602,51387,BOTICA 214 EDP FIJI PAR FL ESPEC 75ml,BOT,A,37
24602,51395,BOTICA 214 EDP FIJI PAR FL ESPEC 90ml,BOT,A,60
24602,51402,BOTICA 214 DES ANT AER FIJ P/FG/ES 125ml,BOT,C,20
24602,51423,NSPA SAB BARR CPO AMEI 3x90g V4,BOT,E,1
24602,51432,INTENTION FOR MAN DES COL BAD 100ml,EUD,E,0
24602,51436,DR BOTICA SAB BARRA POC/CORAG 3x80g V2,BOT,C,3
24602,51448,FLORATTA DES COL GOLD 75ml V2,BOT,E,9
24602,51455,"INTENSE BAT GLOSS STICK CORAL 3,2g",BOT,E,8
24602,51466,BOTIK MULTIPR FAC FPS50 VITAM C 40G,BOT,C,5
24602,51467,BOTIK SRUM FAC ALT POT VITAM C 30ml,BOT,B,6
24602,51468,BOTIK CR HID FAC ANTIOX VITAM C V2 50g,BOT,B,3
24602,51470,BOTIK GEL LIMP FAC VITAM C 200g,BOT,E,6
24602,51500,SOPHIE COL CANDY 100ml V2,BOT,B,25
24602,51502,"REF MAKE B BAT GLOSS C/AC POL ROSE 3,6g",BOT,E,2
24602,51521,DR BOTICA COL POCAO/CORAG 120ml V2,BOT,B,8
24602,51581,FLORATTA DES BDY SPR S/LOVE 100ml V2,BOT,B,3
24602,51704,GLAMOUR DES COL MIDNIGHT 75ml,BOT,B,12
24602,51740,REF NSPA SHAMP CAVIAR 250ML,BOT,E,2
24602,51741,REF NSPA COND CAVIAR 250ml,BOT,E,4
24602,51753,GLAMOUR DES BDY SPR MIDNIGHT 100ML,BOT,E,4
24602,51801,BOTI BABY SAB LIQ GLIC V2 200ml,BOT,B,7
24602,51802,BOTI BABY COL SOL V2 100ml,BOT,B,9
24602,51803,BOTI BABY COND V2 400ml,BOT,C,1
24602,51805,BOTI BABY CR REPAR 30ml,BOT,E,6
24602,51806,REF BOTI BABY COND 350ml,BOT,C,5
24602,51808,BOTI BABY COND V2 200ml,BOT,C,1
24602,51869,NSPA OL DES HID CPO ORQ NOIRE 200ml,BOT,C,17
24602,51873,ZAAD DES ANTIT AER ARTIC 75g,BOT,E,5
24602,51874,ZAAD EDP ARTIC 95ml,BOT,B,13
24602,52005,REF NSPA LOC RAD D H CPO AMEI DOUR 350ml,BOT,C,48
24602,52008,NSPA LOC RAD DES HID CPO AMEI DOUR 200ml,BOT,C,13
24602,52021,REF BOTI BABY SHAMP 350ml,BOT,C,8
24602,52022,BOTI BABY LOC HID CPO 200ml,BOT,C,4
24602,52023,BOTI BABY LOC HID CPO 400ml,BOT,C,2
24602,52024,REF BOTI BABY SAB LIQ GLIC 350ml,BOT,B,1
24602,52025,BOTI BABY SAB LIQ GLIC V2 400ml,BOT,B,7
24602,52029,BOTICOLL PORTINARI D/COL ABSOLUTO 100ml,BOT,B,33
24602,52034,NSPA SAB BARRA AMEIXA DOURADA 2x90g,BOT,B,5
24602,52040,REF BOTI BABY LOC HID CPO 350ml,BOT,B,3
24602,52044,CELEBRE DES COL FEM AGORA 100ml,BOT,B,18
24602,52051,CASA 214 DIF VARET GARDENIA IMPER 250ml,BOT,C,1
24602,52052,CELEBRE DES COL MASC AGORA 100ml,BOT,B,16
24602,52058,MALBEC DES COL ELEGANT 100ml,BOT,A,1
24602,52072,MATCH OL MULTIBENEFICIOS CIEN/CURV 50ml,BOT,E,27
24602,52073,MATCH FIN CAP JELLY CIEN/CURV 350g,BOT,C,12
24602,52075,MATCH MASC CAP HID 4ABC CIEN/CURV 350g,BOT,C,12
24602,52076,MATCH SHAMP CIEN/CURV 300ml,BOT,C,15
24602,52078,MATCH COND HID CIEN/CURV 300ml,BOT,C,15
24602,52079,MATCH MASC C H 2ABC 3ABC CIEN/CURV 350g,BOT,C,12
24602,52082,MATCH CR P/PENT CACH CIEN/CURV 450ml,BOT,C,12
24602,52083,MATCH BOOSTER RECONS CAP CIEN/CURV 90ml,BOT,E,2
24602,52085,MATCH BOOSTER NUTR CAP CIEN/CURV 90ml,BOT,E,20
24602,52086,CASA 214 SAB LIQ MULTIF GARD/IMPER 400ml,BOT,C,3
24602,52095,CASA 214 H/SPR GARDENIA IMPER 250ml,BOT,E,1
24602,52110,DR BOTICA CR PENT POC/TR/NO LISOS 350ml,BOT,E,9
24602,52112,MEN SHW GEL 3/1 CAB/CPO/BARBA AMBEV 205g,BOT,E,1
24602,52122,DR BOTICA SHAMP POC/ESPUM LISOS 400ml,BOT,E,4
24602,52130,MEN SHAMP 2/1 AMBEV 200ml,BOT,E,2
24602,52131,MEN ESPUM P/BARB AMBEV 190g,BOT,E,1
24602,52143,MEN PASTA CAP MODEL ALTA FIX AMBEV 100g,BOT,E,2
24602,52145,"INTENSE BAT CREM 340 V6 3,8g",BOT,C,2
24602,52147,DR BOTICA CR PENT POC/TR/NO CACHOS 350ml,BOT,E,9
24602,52148,"INTENSE BAT CREM 420 V2 3,8g",BOT,C,3
24602,52153,"INTENSE BAT CREM 540 V2 3,8g",BOT,C,1
24602,52154,INTENSE BAT LIQ TINT 16H SUPF 345 V3 5ml,BOT,C,1
24602,52155,"INTENSE BAT CREM 120 V4 3,8g",BOT,C,4
24602,52159,INTENSE BAT LIQ TINT 16H SUPF 245 V3 5ml,BOT,C,2
24602,52194,"INTENSE BAT MATE POP 360 V3 3,8g",BOT,E,2
24602,5221,REF FLORATTA DES BDY SPR MY BLUE 100ml,BOT,E,1
24602,52261,"INTENSE BAT SUP/FRESH CEREJA V3 3,4g",BOT,E,1
24602,52296,NSPA SRUM CPO ORQ NOIRE 30ml,BOT,E,5
24602,52342,BOTI SUN PROT SOL CPO FPS70 200g,BOT,B,5
24602,52493,FLORATTA DES COL MY BLUE V2 75ml,BOT,B,6
24602,52507,FLORATTA EDP FLEUR ECLIPSE V2 75ml,BOT,B,9
24602,52589,REF ELYSEE CR DES HID ACET CP BLANC 200g,BOT,C,3
24602,52613,NSPA SHAMP CVR 300ml V4,BOT,C,5
24602,52616,NSPA COND CVR 300ml V3,BOT,E,8
24602,52627,"BOTIK BALM LAB HID AC/HIALUR 3,2g",BOT,C,6
24602,52628,BOTIK GEL HID FORT FAC AC/HIALUR 50G,BOT,C,1
24602,52629,BOTIK FLD MULTIPR FAC AC/HIAL FPS50 30ml,BOT,C,1
24602,52671,FLORATTA CR DES HID CPO ROSE 75g,BOT,E,3
24602,52684,BOTIK GEL HID FORT FAC AC/HIALUR PRM 10g,BOT,E,2
24602,52723,LIZ CR DES HID CPO 100ml,BOT,C,1
24602,52741,REF MATCH CR PENT CACHOS CIEN/CURV 400ml,BOT,C,3
24602,52742,"MAKE B BAT GLOSSY RASPBERRY 3,6G",BOT,C,3
24602,52752,GLAMOUR DES COL SCRT BLACK INTENSE 75ml,BOT,A,12
24602,52763,REF NSPA COND ROSE 250ml,BOT,E,2
24602,52794,MAKE B BB SEN MULTI 100 150 25g,BOT,C,2
24602,52795,MAKE B BB SEN MULTI 160 220 25g,BOT,C,2
24602,52797,MAKE B BB SEN MULTI 270 330 25g,BOT,C,1
24602,52798,MAKE B BB SEN MULTI 220 260 25g,BOT,B,1
24602,52834,"INTENSE SOMB SUP GLITTER FURTA COR 1,2g",BOT,E,2
24602,52856,MA CHERIE LOC DES HID CPO AMIE 200ML,BOT,C,2
24602,52857,MA CHERIE LOC DES HID CPO JEANS 200ml,BOT,E,15
24602,52884,SOPHIE SAB LIQ CPO DISNEY100 200ml,BOT,E,2
24602,52892,ARBO DES BDY SPR VERDE 100ml,BOT,E,6
24602,52898,ARBO DES COL PURO 100ml,BOT,B,108
24602,52948,NSPA CREM ESF CPO AMEI DOUR 200g,BOT,C,2
24602,53074,MALBEC DES ANTIT AER X 125ml,BOT,C,21
24602,53159,ESTJ DR BOTICA POCAO DA AVENTURA V2,BOT,C,1
24602,53186,BOTIK SRUM FAC ALT POT VITAM C 15ml,BOT,C,3
24602,53289,MEN DES ANTIT AER AMBEV 125ml,BOT,E,2
24602,53338,"INTENSE BAT CREM POP ROSA 223 V2 3,8g",BOT,C,1
24602,53340,"INTENSE BAT CREM ROSA 280 V2 3,8g",BOT,C,1
24602,53341,"INTENSE BAT CREM VERM 310 V2 3,8g",BOT,C,2
24602,53342,"MAKE B PLT MAQ MULTIF R EAL HYPE 38,4g",BOT,E,1
24602,53346,NSPA LOC DES HID CPO LILAC 400ml,BOT,B,6
24602,53347,REF NSPA LOC DES HID CPO LILAC 350ml,BOT,C,10
24602,53350,NSPA OLEO CREM CPO LILAC 175g,BOT,E,2
24602,53352,NSPA SAB BARRA CPO LILAC 2x90g,BOT,B,5
24602,53353,NSPA DES COL BDY SPLSH LILAC 200ml,BOT,B,3
24602,53356,NSPA CREM HID MAOS/PES LILAC 50g,BOT,B,1
24602,53373,NSPA SHAMP AMEIXA DOURADA 300ml,BOT,E,1
24602,53374,NSPA MASC CAP COND AMEI DOUR 200ml,BOT,E,2
24602,53386,BOTIK PROT SOL FAC FPS 80 AC/HIAL 40ml,BOT,B,2
24602,53388,NSPA SAB LIQ PERF AMEIXA 250ml,BOT,B,11
24602,53389,NSPA SAB LIQ PERF AMEIXA NEGRA 250ml,BOT,B,15
24602,53391,NSPA SAB LIQ PERF QUINOA 250ml,BOT,E,24
24602,53392,NSPA SAB LIQ PERF ORQUIDEA NOIRE 250ml,BOT,C,12
24602,53410,REF NSPA SAB LIQ CPO PERF AMEI/NEG 200ml,BOT,E,3
24602,53415,LIZ DES COL INTENSO 100ml,BOT,B,9
24602,53416,LIZ CR DES HID CPO INTENSO 250g,BOT,C,5
24602,53427,MAKE B DELIN LIQ P/OLH PRETO V2 5ml,BOT,E,6
24602,53437,SIAGE MASC CAP NUTRI ROSE V3 250g,EUD,E,0
24602,53476,DR BOTICA TRIO SAB BARR BNH/ENC 3x80g V2,BOT,E,3
24602,53485,SOPHIE LOC CPO GLITTER DISNEY WISH 200ml,BOT,E,11
24602,53508,CBEM LOC DES HID CPO SHOW DE BN V2 400ML,BOT,E,17
24602,53509,REF CBEM LOC DES H CPO SHOW BNH V2 350ml,BOT,C,3
24602,53510,CBEM LOC DES HID CPO SHOW/BNH V2 200ml,BOT,C,9
24602,53511,CBEM DES COL BDY SPLSH SHOW/BNH V2 200ml,BOT,B,15
24602,53513,CBEM SAB BARRA SHOW BANHO V2 4x80g,BOT,C,27
24602,53515,CBEM SAB BARRA SHOW BANHO V2 2x80g,BOT,C,32
24602,53518,ELYSEE EDP V2 50ml,BOT,A,9
24602,53543,MATCH SRUM COUR CAB REVIT CIEN/CURV 50ml,BOT,E,27
24602,53619,BOTI NECESS AMOR 23 PES,BOT,E,2
24602,53628,BOTIK GEL LIMP FAC VITAM C PRM 50g,BOT,E,0
24602,53669,MALBEC OL MASSAGEM CPO X 200ml,BOT,C,3
24602,53677,QUASAR CR P/BARB BLUE 110g,BOT,C,4
24602,53680,QUASAR DES ROLL BLUE V10 55ml,BOT,B,3
24602,53681,NSPA CREM CPO ANTIATRITO AMEI DOUR 100ml,BOT,E,4
24602,53687,CBEM SAB LIQ CPO FEIRA MELANCIA 150ml,BOT,E,5
24602,53724,BOTI BOTI RECICLA NECESSAIRE ALG,BOT,E,2
24602,53725,BOTI BABY FRASQUEIRA PURO CUIDADO PES,BOT,E,1
24602,53745,BOTICOLL PORTINARI DES ANT AER ABSOL 75g,BOT,E,12
24602,53793,CBEM SAB BARRA FEIRA MARACUJA 2x80g,BOT,E,5
24602,53835,HER CODE LOC DES HID CPO 200ml,BOT,B,10
24602,53838,BOTIK PROT SOL FAC FPS 50 AC/HIAL 40ml,BOT,B,5
24602,53847,MAKE B PINCEL OLHOS DUPLO PS,BOT,C,10
24602,53849,"INTENSE BAT ARRASO VERM POR DO SOL 3,6g",BOT,E,6
24602,53850,"INTENSE BAT ARRASO ROSA SOU MAIS EU 3,6g",BOT,E,4
24602,53904,MAKE B PINCEL P/PO ABS,BOT,C,10
24602,53906,MAKE B PINCEL ESPIRAL P/PELE ABS,BOT,C,7
24602,53907,MAKE B PINCEL P/BLUSH ABS,BOT,C,9
24602,53910,MAKE B PINCEL P/BASE ABS,BOT,C,9
24602,53921,DR BOTICA COL POC/CORAC V2 120ml,BOT,B,5
24602,53927,MALBEC DES ANTIT AER MAGNET V3 75g,BOT,C,5
24602,53930,EGEO DES ANTIT AER BLUE V3 75g,BOT,C,12
24602,53933,MEN DES ROLL V4 55ml,BOT,C,1
24602,53934,BOTICOLL PORTINARI DES ANTIT AER V8 75g,BOT,B,17
24602,53935,FLORATTA DES ROLL BLUE V7 55ml,BOT,E,0
24602,53936,MAKE B PINCEL P/BASE FIBRAS DUPLAS ABS,BOT,C,8
24602,53967,CBEM MASC CAP SCH FEIRA BANANA 30ML,BOT,E,2
24602,53971,CBEM MASC CAP SCH FEIRA PASTA ABAC 30ml,BOT,E,2
24602,54051,ESTJ NSPA SAB SORTIDOS NAT/23,BOT,E,2
24602,54101,MALBEC DES COL X V2 100ml,BOT,A,10
24602,54150,MALBEC DES COL ICON 100ml,BOT,B,91
24602,54154,MALBEC DES ANTIT AER ICON 125ml,BOT,B,14
24602,54169,SOPHIE SHAMP CACH V2 200ml,BOT,C,2
24602,54170,QUASAR NEXT SHOWER GEL CAB/CPO V2 200g,BOT,C,1
24602,54197,ESTJ BOTIK ACIDO HIALURONICO,BOT,E,5
24602,54229,"MAKE B BAT CREM ROSA CASHMERE PRM 1,6g",BOT,E,39
24602,54231,MALBEC DES COL ULTRA BLEU V2 100ml,BOT,B,17
24602,54457,ZAAD EDP VENTURE 95ml,BOT,B,4
24602,54499,NSPA SHAMP M/ARG V2 300ml,BOT,E,1
24602,54500,NSPA COND M/ARG V2 300ml,BOT,E,2
24602,54501,NSPA MASC CAP M/ARG V7 200g,BOT,E,2
24602,54657,BOTICA 214 EDP AFRIC/SUNR FLOR/FRUT 75ml,BOT,A,15
24602,54658,BOTICA 214 EDP AFRIC/SUNR FOUG/AMAD 90ml,BOT,B,23
24602,54802,CBEM GEL/LIMP FAC FEIRA TANGERINA 150g,BOT,B,6
24602,54803,CBEM HID FAC FEIRA BANANA 80g,BOT,E,3
24602,54804,CBEM HID FAC FEIRA MACA VERDE 80g,BOT,C,9
24602,54805,CBEM MASC FAC FEIRA MELANCIA 50g,BOT,C,10
24602,54879,ESTJ BOTI BABY NINHO V2,BOT,C,2
24602,54887,ESTJ BOTI BABY CASCA V2,BOT,C,0
24602,55064,"INTENSE BALM MULTIF FEIRA BANANA 6,2g",BOT,E,2
24602,55065,"INTENSE BALM LAB MULTIF FEIRA FRAMB 6,2g",BOT,E,3
24602,55083,NEXT COLONIA 75ml,BOT,E,8
24602,55104,CBEM SHAMP FEIRA VINAGRE FRAMBOESA 230ml,BOT,E,2
24602,55105,CBEM CREM PENT FEIRA BABOSA 200ml,BOT,C,1
24602,55106,CBEM COND FEIRA MEL 170ml,BOT,C,1
24602,55142,CASA 214 DIFUS VARET BRIS/CEDROS 250ml,BOT,E,3
24602,55144,CASA 214 SAB LIQ MULTIF BRISA/CEDR 400ml,BOT,C,4
24602,55195,REF CBEM LOC DES HID CP CER/LIV V2 350ml,BOT,B,18
24602,55221,DR BOTICA COL POC/CRIATIV 120ml,BOT,B,15
24602,55222,DR BOTICA ESPUM BNH NUV/IDEIAS 150ml,BOT,C,3
24602,55223,DR BOTICA SPR CAP DESEMB CHUV/IMAG 100ml,BOT,E,3
24602,55253,NEXT DESODORANTE CREME 80g,BOT,E,14
24602,55363,LILY EDP GARDENIA 75ml,BOT,A,47
24602,55366,ARBO DES COL ATLANTICA 100ml,BOT,A,97
24602,55374,ARBO DES COL ATLANTICA PRM 10ML,BOT,E,32
24602,55403,BOTIK SRUM FAC ALT/POT RESV/SILICIO 30ml,BOT,C,4
24602,55407,BOTIK CR NUTR FIRM ROS/PESC RESV/SIL 40g,BOT,C,5
24602,55408,BOTIK CR N FIR ROST/PESC RES/SIL PRM 10g,BOT,E,5
24602,55427,CBEM CREM HID P/MAOS DELEITE V3 45g,BOT,E,21
24602,5546,MAKE B PRIMER FAC ANTIOL SALICYLIC 30g,BOT,E,2
24602,55496,MAKE B PRIMER FAC LARANJA/CARAMELO 8g,BOT,E,1
24602,55505,"MAKE B LAP/OLH ULTRABLACK PRETO V2 1,2g",BOT,B,5
24602,55640,"NSPA BALM HID LAB LILAC 7,5ml",BOT,E,2
24602,55641,NSPA GEL LIMP FAC LILAC 100g,BOT,E,2
24602,55651,MEN DES COL NBA PRM 10ml,BOT,E,2
24602,55652,MEN DES ANTIT AER NBA 150ml,BOT,C,5
24602,55659,FLORATTA DES COL ROMANC/VERAO 75ml,BOT,E,7
24602,55707,NSPA LOC DES HID CPO LILAC 180ml,BOT,C,9
24602,55766,BOTI BABY SAB LIQ GLICERINA 50ml PRM,BOT,E,5
24602,55930,BOTI SUN PROT SOL INF ACQ/FL FPS70 120g,BOT,E,6
24602,55968,MEN SHAMP 2/1 ANTIC 250ml,BOT,E,28
24602,55975,MEN SHAMP/COND 2/1 250ml,BOT,C,1
24602,55981,"MAKE B BAT ST/PREN HYAL RED/CLAS V3 3,4g",BOT,C,1
24602,55983,"MAKE B BAT ST/PREN HYAL ROS BLUS V3 3,4g",BOT,C,8
24602,55984,"MAKE B BAT ST/PREN HYAL CAND TOF V3 3,4g",BOT,E,2
24602,55993,MEN POMAD MODEL CAP 100g,BOT,C,4
24602,56001,MEN CREM HID ANTIATRITO SPORT 100g,BOT,E,4
24602,56004,MEN DES AER P/PES SPORT 125ml,BOT,E,1
24602,56005,MEN CREM PRE/POS BARBA 150g,BOT,C,11
24602,56027,MEN SAB BARRA 2x90g,BOT,B,45
24602,56028,MEN LOC DES HID CPO 200ml,BOT,C,0
24602,56051,MAKE B BAT STCK PREENCH HYAL V2 3g,BOT,E,2
24602,56152,FLORATTA LOC D H CP RED/BLOS MAES/24 75g,BOT,E,1
24602,56156,BOTI HOME BANDEJA DOLOMITE,BOT,E,1
24602,56159,BOTI TOALHA P/CAB MICROFIBRA/PES,BOT,E,3
24602,56181,CASA 214 H/SPR VANILLA SBLM 250ml,BOT,C,2
24602,56182,CBEM CAPINHA CREME NUVEM SILICONE,BOT,E,2
24602,56186,MATCH SHAMP NUTRICAO PROFUNDA 50ml,BOT,E,2
24602,56188,MATCH MASC CAP NUTRICAO PROFUNDA 70g,BOT,E,1
24602,56198,DR BOTICA ROUPAO INFANTIL PES,BOT,E,1
24602,56217,CBEM SPRAY INTIMO REFRESC CER/LIV 75ml,BOT,C,5
24602,56254,CBEM CAPINHA P/CREM DELEITE SILICONE V2,BOT,E,1
24602,56276,"INTENSE BAT CREM 120 PRM 3,8g",BOT,E,4
24602,56385,COFFEE DES COL WOMAN ADDICTIVE 100ml,BOT,E,21
24602,56402,COFFEE DES COL MAN ADDICTIVE 100ml,BOT,E,15
24602,56404,COFFEE LOC DES HID CPO WOM ADDICT 200ml,BOT,E,6
24602,56445,CBEM GEL DES HID CPO BOB ESPONJA 150g,BOT,C,10
24602,56447,CBEM SAB LIQ CPO BOB ESPONJA 250ml,BOT,C,8
24602,56448,CBEM SAB BARRA BOB ESPONJA 2x100g,BOT,E,5
24602,56470,KIT QDB SKINQ,QDB,E,0
24602,56583,BOTI NECESS VERDE/DOURADA ALG,BOT,C,2
24602,56586,MAKE B KIT PINCEIS SILVER ESSENTIALS,BOT,C,1
24602,56605,DR BOTICA SHAMP POC ESPUM V3 400ml,BOT,C,2
24602,56686,KIT DR BOTICA MAGICO TEATRO BONECOS,BOT,E,1
24602,56687,MALBEC SERUM FAC ANTIOL 30ml,BOT,E,2
24602,56688,MALBEC CR MULTIPR FAC FPS30 ANTIOL 40ml,BOT,E,4
24602,56690,MALBEC GEL LIMP FAC ANTIOL 150g,BOT,E,4
24602,56695,CBEM LOC DES HID CPO BOB ESPONJA 200ml,BOT,E,15
24602,56796,MATCH SHAMP SCIENCE PRE/POS QUIM 300ml,BOT,C,14
24602,56797,MATCH COND SCIENCE PRE/POS QUIM 280ml,BOT,B,14
24602,56798,MATCH MASC CAP SCIENCE PRE/POS QUIM 250g,BOT,B,12
24602,56799,MATCH QUERATINA CONCENTRADA LAB 50ml,BOT,C,48
24602,56804,MATCH MASC CAP SCIENCE RECONS V2 250g,BOT,C,0
24602,56805,MATCH COND SCIENCE RECONSTRUCAO 280ml,BOT,B,24
24602,56809,MATCH SHAMP SCIENCE CRESCIMENTO 300ml,BOT,C,15
24602,56810,MATCH COND SCIENCE CRESCIMENTO V2 280ml,BOT,E,15
24602,56811,MATCH MASC CAP SCIENCE CRESC V2 250g,BOT,C,6
24602,56812,MATCH TON CAP SCIENCE CRESC V2 65ml,BOT,C,48
24602,56819,MATCH SHAMP SCIENCE RECONSTRUCAO 300ml,BOT,B,24
24602,56836,CBEM NECESSAIRE PU,BOT,E,1
24602,56837,MAKE B NECESSAIRE NYLON,BOT,C,1
24602,56960,QDB BAT LIQ CREM DOS SONHOS LARANJIT 4ml,QDB,E,0
24602,56961,QDB BAT LIQ CREM DOS SONHOS UVITE 4ml,QDB,E,0
24602,57042,CBEM LOC DES HID CPO PESSEGUR/GOST 400ml,BOT,B,24
24602,57043,CBEM CR DES HID CPO PESSEGUR/DEPIL 200ml,BOT,C,13
24602,57044,CBEM SRUM CPO UNIF PESSEGUR/DEPIL 30ml,BOT,E,7
24602,57046,CBEM CR ESF CPO PESSEGUR/DEPIL 200g,BOT,B,4
24602,57061,"INTENSE LIP TINT BOB ESPONJA CORAL 5,5ml",BOT,C,5
24602,57204,AU MIGOS PETS SHAMP PELOS CLAROS 400ml,BOT,C,9
24602,57205,AU MIGOS PETS SHAMP FILHOTES 400ml,BOT,E,12
24602,57206,AU MIGOS PETS LIMP/HID PAT ADULTOS 120ml,BOT,E,10
24602,57207,AU MIGOS PETS SHAMP 5/1 ADULTOS 400ml,BOT,C,4
24602,57208,AU MIGOS PETS COND ADULTOS 400ml,BOT,C,9
24602,57209,AU MIGOS PETS COL FILHOTES 60ml,BOT,C,4
24602,57210,AU MIGOS PETS BANHO SECO ADULTOS 240ml,BOT,C,7
24602,57211,AU MIGOS PETS COL ADULTOS 60ml,BOT,C,8
24602,57219,NSPA SAB LIQ CPO MORANGO RUBY V2 200ml,BOT,E,4
24602,57233,CBEM GEL LIMP FAC BOB ESPONJA 150g,BOT,E,2
24602,57360,MATCH MASC C SCIEN PRE/POS QUIM PRM 50ml,BOT,E,1
24602,57438,"MAKE B BAT GLOSS C/AC POLIGL CORAL 3,6g",BOT,C,6
24602,57473,"MAKE B ILUM FAC STCK SUN HIT ROSE 6,5g",BOT,E,1
24602,57477,SOPHIE NEXT DES ROLL DIVERT2 MEMR 55ml,BOT,E,2
24602,57488,LIZ CREM DES HID CPO FLORA 250g,BOT,B,10
24602,57493,MAKE B SRUM CIL/SOBRANC EXPL GROW 5g,BOT,E,1
24602,57523,ESTJ GLAMOUR SEC/BLACK AMOR/24,BOT,E,1
24602,57640,ARBO NECESSAIRE PES,BOT,C,4
24602,57731,BOTI SUN PR CP SPR ACQ/FL FPS50 V2 180ml,BOT,C,5
24602,57749,BOT SUN PR FAC C/C FPS70 A/F COR 02 40ml,BOT,C,6
24602,57750,BOT SUN PR FAC C/C FPS70 A/F C 1.0 40ml,BOT,C,3
24602,57758,BOT SUN PR FAC C/C FPS70 A/F COR 03 40ml,BOT,C,3
24602,57759,BOT SUN PR FAC C/C FPS70 A/F COR 04 40ml,BOT,C,2
24602,57761,BOT SUN PR FAC C/C FPS70 A/F COR 05 40ml,BOT,C,2
24602,57763,BOT SUN PR FAC C/C FPS70 A/F COR 07 40ml,BOT,E,5
24602,57764,BOT SUN PR FAC C/C FPS70 A/F COR 06 40ml,BOT,E,5
24602,57765,MATCH MASC HID 4ABC CIEN/CURV 50ml,BOT,E,3
24602,57791,BOTIK MASSAGEADOR FAC LIGA/ZINCO,BOT,E,3
24602,57801,SOPHIE NEXT AROMAT DIVERT2 MEM 100ml,BOT,E,2
24602,57829,NSPA LOC DES AVELUD CPO CER/ROUGE 400ml,BOT,B,11
24602,57830,REF NSPA LOC DES AVEL CP CER/ROUGE 350ml,BOT,B,18
24602,57832,NSPA LOC DES AVELUD CPO CER/ROUGE 180ml,BOT,C,1
24602,57833,NSPA SAB LIQ PERF CPO CER/ROUGE 250ml,BOT,E,22
24602,57871,LILY SAB BARRA DECORADO 2x90g,BOT,E,0
24602,57882,LILY DES BDY SPR LEAU/LILY BLANC 100ml,BOT,B,8
24602,57890,LILY CREM ACET DES HID CPO GARDENIA 250g,BOT,A,3
24602,58118,INTENSE LAP DUO OLHOS FEIRA COCO MACA 1g,BOT,E,2
24602,58132,CBEM D/COL BDY SPLSH DEL/CHOCOLAT 200ml,BOT,E,7
24602,58139,BOTI NECESS MINI ALG,BOT,C,3
24602,58227,CBEM LOC DES/H CPO DEL CHOCOLATUDO 400ml,BOT,E,1
24602,58229,CBEM CREM ESF CPO DEL CHOCOLATUDO 150ml,BOT,E,2
24602,58236,CBEM LOC DES HID CPO NUV/ALEGRIA 400ml,BOT,C,21
24602,58238,CBEM SAB LIQ CPO NUV/ALEGRIA 150ml,BOT,E,3
24602,58239,CBEM SAB BARRA NUV/ALEGRIA 4x80g,BOT,B,16
24602,58264,BOTICA 214 LOC D H CP AFR/SU FG/AM 200g,BOT,E,4
24602,58299,AU MIGOS PETS LENCO UMED ADULT 50UN,BOT,C,4
24602,58315,BOTICA 214 LOC D H CP AFR/SU FL/FR 200g,BOT,E,1
24602,58317,PMPCK CBEM DES ANTIT AER PROT/BTY 2x90g,BOT,C,3
24602,58336,PMPCK CBEM DES ANTIT AER S/ALUM 2x90g,BOT,E,2
24602,58342,CBEM OL HID CPO NUVEM/ALEGRIA 110ml,BOT,C,5
24602,58348,ZAAD EDP MONDO V4 95ml,BOT,B,12
24602,58357,CBEM SAB BARRA PESSEGUR/GOST 4x80g,BOT,B,14
24602,58363,CBEM D/COL BDY SPLSH NUV/ALEG 200ml,BOT,B,6
24602,58372,FLORATTA DES COL ROM/VER V2 75ml,BOT,A,7
24602,58373,FLORATTA DES COL RED BLOSSOM V2 75ml,BOT,B,29
24602,58383,NSPA OL MULTIF GLORIOSO CER/ROUGE 85ml,BOT,E,1
24602,58497,CBEM DES COL BDY SPLSH FEIRA MARAC 200ml,BOT,E,10
24602,58510,MALBEC DES COL PURE GOLD PRM 10ml,BOT,E,19
24602,58526,QUASAR DES COL DEEP BLUE 100ml,BOT,B,18
24602,58563,CJ FLAC FLORATTA D/COL ROS/BOUQUET 5x1ml,BOT,E,1
24602,58566,"MAKE B CORRET LIQ FAC EFFECT 10 V2 5,7ml",BOT,C,2
24602,58601,CBEM LOC DES/H CPO DEL CHOCOLATUDO 200ml,BOT,C,3
24602,58624,"MAKE B CORRET LIQ FAC EFFECT 20 V2 5,7ml",BOT,C,1
24602,58626,"MAKE B CORRET LIQ FAC EFFECT 25 V2 5,7ml",BOT,C,1
24602,58628,"MAKE B CORRET LIQ FAC EFFECT 40 V2 5,7ml",BOT,C,2
24602,58629,"MAKE B CORRET LIQ FAC EFFECT 50 V2 5,7ml",BOT,E,2
24602,58630,"MAKE B CORRET LIQ FAC EFFECT 60 V2 5,7ml",BOT,E,2
24602,58631,"MAKE B CORRET LIQ FAC EFFECT 70 V2 5,7ml",BOT,E,2
24602,58632,"MAKE B CORRET LIQ FAC EFFECT 80 V2 5,7ml",BOT,E,2
24602,58644,ZAAD EDP INTENSE 95ml,BOT,E,19
24602,58679,ESTJ CASA 214 VANILLA SUBLIME,BOT,E,1
24602,58729,BOTICA 214 EDP SEV/DOR FOUG/AROM 90ml,BOT,A,60
24602,58730,BOTICA 214 EDP SEV/DOR FLR/FRUT PRM 10ml,BOT,E,3
24602,58733,BOTICA 214 EDP SEV/DOR FLOR/FRUT 75ml,BOT,A,17
24602,58734,BOTICA 214 EDP SEV/DOR FOUG/ARM PRM 10ml,BOT,E,1
24602,58813,"MAKE B BALM LAB NIGH/PLUMP LIP/CHRO 3,6g",BOT,E,13
24602,58919,EGEO DES COL BANANA 90ml,BOT,E,1
24602,58924,EGEO DES COL BANANA PRM 10ml,BOT,E,1
24602,58930,ESTJ MA CHERIE 24,BOT,E,0
24602,58978,NSPA LOC NUTR DES CPO UVA MERLOT 400ml,BOT,B,36
24602,58980,REF NSPA LOC DES HID CP UVA MERLOT 350ml,BOT,B,61
24602,58981,MAKE B BASE LIQ RETIN 3 H INVISIVEL 26g,BOT,E,2
24602,58982,MAKE B BASE LIQ RETIN 3 H 120N 26g,BOT,E,2
24602,58983,MAKE B BASE LIQ RETIN 3 H 170Q 26g,BOT,E,1
24602,58984,NSPA LOC DES HID CPO UVA MERLOT 180ml,BOT,B,12
24602,58985,NSPA SAB LIQ CPO PERF UVA MERLOT 250ml,BOT,B,14
24602,58986,MAKE B BASE LIQ RETIN 3 H 205N 26g,BOT,E,2
24602,58990,MAKE B BASE LIQ RETIN 3 H 215Q 26g,BOT,E,2
24602,58991,MAKE B BASE LIQ RETIN 3 H 225N 26g,BOT,E,2
24602,58992,MAKE B BASE LIQ RETIN 3 H 250Q 26g,BOT,E,2
24602,58993,MAKE B BASE LIQ RETIN 3 H 260N 26g,BOT,E,2
24602,58994,MAKE B BASE LIQ RETIN 3 H 270Q 26g,BOT,E,2
24602,58996,MAKE B BASE LIQ RETIN 3 H 285N 26g,BOT,E,2
24602,58997,MAKE B BASE LIQ RETIN 3 H 290N 26g,BOT,E,2
24602,58998,MAKE B BASE LIQ RETIN 3 H 300Q 26g,BOT,E,1
24602,59000,MAKE B BASE LIQ RETIN 3 H 330Q 26g,BOT,E,1
24602,59002,MAKE B BASE LIQ RETIN 3 H 340Q 26g,BOT,E,1
24602,59003,MAKE B BASE LIQ RETIN 3 H 345N 26g,BOT,E,1
24602,59018,MALBEC CREM FAC 6/1 CUIDADOS V2 50ml,BOT,E,1
24602,59019,MALBEC LOC DES HID CPO CUIDADOS V3 200ml,BOT,C,15
24602,59021,MALBEC SAB LIQ CPO CUIDADOS V2 250g,BOT,C,18
24602,59030,MALBEC OLEO P/BARBA CUIDADOS V4 25ml,BOT,E,21
24602,59031,MALBEC SHAMP CAB OL CUIDADOS V2 250ml,BOT,E,2
24602,59034,MALBEC COND TRAT ANTIC CUIDADOS V3 250ml,BOT,C,4
24602,59035,MALBEC SHAMP ANTIC CUIDADOS V3 250ml,BOT,C,4
24602,59036,MALBEC TON CAP ANTIQ CUIDADOS V3 100ml,BOT,E,2
24602,59037,MALBEC COND TRAT ANTIQ CUIDADOS V3 250ml,BOT,E,2
24602,59039,"MAKE B CORRET LIQ RETIN 3 H 100F 5,5ml",BOT,E,2
24602,59040,"MAKE B CORRET LIQ RETIN 3 H 120N 5,5ml",BOT,E,2
24602,59041,"MAKE B CORRET LIQ RETIN 3 H 140Q 5,5ml",BOT,E,2
24602,59042,"MAKE B CORRET LIQ RETIN 3 H 170Q 5,5ml",BOT,E,2
24602,59043,"MAKE B CORRET LIQ RETIN 3 H 210Q 5,5ml",BOT,E,2
24602,59044,"MAKE B CORRET LIQ RETIN 3 H 225N 5,5ml",BOT,E,2
24602,59045,"MAKE B CORRET LIQ RETIN 3 H 260N 5,5ml",BOT,E,2
24602,59046,"MAKE B CORRET LIQ RETIN 3 H 275N 5,5ml",BOT,E,2
24602,59047,"MAKE B CORRET LIQ RETIN 3 H 290N 5,5ml",BOT,E,2
24602,59048,"MAKE B CORRET LIQ RETIN 3 H 300Q 5,5ml",BOT,E,2
24602,59049,"MAKE B CORRET LIQ RETIN 3 H 340Q 5,5ml",BOT,E,2
24602,59050,"MAKE B CORRET LIQ RETIN 3 H 345N 5,5ml",BOT,E,2
24602,59051,MAKE B BAT LIQ RETIN 3 H RED VELVET 6ml,BOT,E,2
24602,59052,MAKE B BAT LIQ RETIN 3 H PINK/HIBISC 6ml,BOT,E,2
24602,59053,MAKE B BAT LIQ RETIN 3 H CARAM/CLASS 6ml,BOT,E,2
24602,59122,PMPCK MALBEC SENSITIVE V2,BOT,C,6
24602,59126,PMPCK MALBEC ANTIQUEDA V3,BOT,E,9
24602,59132,BOTI BABY COL LUA RPCK 100ml,BOT,B,19
24602,59147,LILY ESF HID CPO ACETINADO 200g,BOT,E,1
24602,59161,ZAAD EDP INTENSE PRM 10ml,BOT,E,8
24602,59169,SOPHIE COND CACH V2 200ml,BOT,C,3
24602,59170,SOPHIE CREM PENT CACHOS V2 200ml,BOT,C,4
24602,59176,BOTIK GEL CONC LIMP FAC AC/GLIC V2 150g,BOT,C,2
24602,59188,CBEM SHAMP FEIRA BANANA V2 230ml,BOT,C,6
24602,59193,CBEM COND F/BANANA V2 170ml,BOT,E,2
24602,59196,CBEM MASC SCH F/BANANA V2 30ml,BOT,E,2
24602,59197,CBEM COND FEIRA PASTA/ABACATE V2 170ml,BOT,E,14
24602,59198,CBEM MASC CAP SCH FEIR PAST/ABAC V2 30ml,BOT,E,2
24602,59306,FLORATTA EDP RED PASSION 75ml,BOT,E,7
24602,59309,FLORATTA EDP RED PASSION PRM 10ml,BOT,E,2
24602,59404,CBEM CREM HID DES CPO MELANC 150ml,BOT,E,5
24602,59407,CBEM GEL DES HID REFR CPO MELANC 200g,BOT,C,8
24602,59436,EGEO DES COL CHOC HIGH 90ml,BOT,B,11
24602,59438,EGEO DES COL CHOC HIGH 10ml PRM,BOT,E,32
24602,59466,LIZ DES COL FLORA 100ml,BOT,A,72
24602,59493,MALBEC SHAMP GRISALHOS CUIDADOS V4 250ml,BOT,E,2
24602,59516,REF NSPA LOC DES HID CPO AMEI/NEG 350ml,BOT,A,13
24602,59517,REF NSPA LOC DES HID CPO AMEIXA 350ml,BOT,A,38
24602,59555,HER CODE EDP TOUCH 50ml,BOT,A,22
24602,59577,MATCH MASC CAP NUTR PROFUNDA V2 250g,BOT,C,6
24602,59580,MATCH OL BIFASICO NUTR REGEN V2 90ml,BOT,C,9
24602,59582,MATCH COND NUTRICAO REGEN V2 280ml,BOT,C,6
24602,59583,MATCH SHAMP NUTR/REGEN V2 300ml,BOT,B,null
24602,59701,DR BOTICA MOCHILA PES,BOT,E,1
24602,59823,NSPA CR PERF DES CPO ORQ/LUMIER 400ml,BOT,E,1
24602,59824,REF NSPA CR PERF DES CPO ORQ/LUM 350ml,BOT,E,3
24602,59829,NSPA CR PERF DES CPO ORQ/LUMIER 180ml,BOT,E,4
24602,59830,NSPA SAB LIQ PERF CPO ORQ/LUMIER 250ml,BOT,E,1
24602,59834,NSPA CR PERF DES CPO ORQ/LUMIER PRM 50ml,BOT,E,7
24602,59845,BOTI BABY LOC CPO BNH/POS BNH LUA 200ml,BOT,C,9
24602,59873,BOTIK GEL LIMP FAC CIC/PANT/CER 200g,BOT,B,4
24602,59875,BOTIK AGUA MICLR FAC CIC/PANT/CER 200ml,BOT,B,6
24602,59876,BOTIK CR MULTIREP FAC CIC/PANT/CER 30g,BOT,C,5
24602,59877,BOTIK CR MULTR FAC CIC/PANT/CER PRM 10g,BOT,E,1
24602,70112,BOTICA 214 LC D/HD SEV/DOR AMOR/25 200ml,BOT,B,2
24602,70668,SOPHIE COL HELLO 100ml,BOT,B,8
24602,70669,SOPHIE COL LIKE 100ml,BOT,B,9
24602,70683,DR BOTICA SAB BARRA TRIO BNH CORAC 3x80g,BOT,C,2
24602,70693,SOPHIE LOC HID CPO 200ml,BOT,B,5
24602,71500,MAKE B LAP RETR P/OLH MARR PCK V2,BOT,C,3
24602,71807,FLORATTA CREM HID DES CPO GOLD 200ml V4,BOT,C,12
24602,71877,BOTICOLL CRAZY DES COL FEELINGS 100ml,BOT,B,12
24602,72052,EGEO MOUS CREM HID DES CPO D MER 250g V6,BOT,C,6
24602,72614,DR BOTICA SAB BARRA TRIO UN BNH AM 3X80G,BOT,C,13
24602,73367,EGEO DES BDY SPR BLUE 100ml V2 PCK,BOT,B,25
24602,73381,BOTICOLL STYLET DES BDY SPR 100ml V7 PCK,BOT,E,2
24602,73613,COFFEE DES COL DUO WOMAN 100ml,BOT,A,43
24602,73614,COFFEE DES COL DUO MAN 100ml,BOT,B,15
24602,73745,MEN POMAD MODEL ALTA FIX 100G,BOT,E,1
24602,73832,EGEO CREM DES HID MAOS DOLCE 50g,BOT,E,7
24602,73869,MAKE B MASC CILIOS VOL EXTREMO PRM 5g,BOT,E,30
24602,74029,COFFEE DES COL MAN 100ml V3,BOT,E,15
24602,74031,COFFEE DES COL WOMAN 100ml V3,BOT,B,15
24602,74043,LINDA DES COL V4 100ml,BOT,A,56
24602,74055,GLAMOUR DES COL MYRIAD 75ml V2,BOT,B,12
24602,74096,GLAMOUR DES COL 75ml V6,BOT,A,28
24602,74103,GLAMOUR DES COL SEC BL 75ml V4,BOT,A,109
24602,74414,REF EGEO DES BDY SPR BLUE 100ml PCK V2,BOT,E,3
24602,74422,REF BOTICOL CONEX DES B/SPR 100ml PCK V5,BOT,E,5
24602,74438,ARBO DES COL 100ml V4,BOT,A,51
24602,74687,DEM GLAMOUR DES COL FEVER 4ml,BOT,E,0
24602,74722,LILY EDP 30ML V2,BOT,C,12
24602,74893,EGEO DES BDY SPR DOLCE 100ml V8 PCK,BOT,B,36
24602,74965,MALBEC LOC DES HID CPO RPCK 200ml,BOT,B,18
24602,75163,SOPHIE COND CACH 200ML,BOT,E,1
24602,75192,CBEM SAB LIQ PELE SENSV 150ml,BOT,E,2
24602,75568,"INTENSE DELIN LIQ PRETO 2,5ML",BOT,E,1
24602,75595,"INTENSE LAP OLH MARROM 1,1G V6",BOT,C,5
24602,75629,INTENSE PO COMPACTO FACIAL 40 5g,BOT,C,1
24602,75631,INTENSE PO COMPACTO FACIAL 70 5g,BOT,E,3
24602,75646,"INTENSE BLUSH STCK PESSEGO 5,5g",BOT,E,2
24602,75647,"INTENSE BLUSH STCK ROSA 5,5g",BOT,C,2
24602,75664,NSPA SHAMP KARITE 300ml V2,BOT,E,1
24602,75757,MAKE B CANET SOBR MICROBL UP/BR MED 1ml,BOT,E,2
24602,75766,"MAKE B BAS PO MINERAL 60 5,5g",BOT,E,2
24602,75767,"MAKE B BAS PO MINERAL 50 5,5g",BOT,E,2
24602,75775,KIT DEM BOTI PREMIUM VE C/4 V7,BOT,E,0
24602,75776,"MAKE B SOL SOBRANC UP/BR MED 6,9g",BOT,E,2
24602,75777,"MAKE B SOL SOBRANC UP/BR ESC 6,9g",BOT,E,2
24602,75792,FLORATTA DES COL RED 75ml,BOT,E,84
24602,75808,COFFEE DES ANTIT AER MAN 75G/125ML V7,BOT,E,1
24602,75812,EGEO DES ANTIT AER BLUE 75G/125ML V2,BOT,E,12
24602,75972,NSPA LOC DES REVIT CPO ROSE 200ml,BOT,E,2
24602,75985,NSPA DES COL BDY SPLSH ROSE 200ml,BOT,C,2
24602,76597,"INTENSE LAP BAT NUDE ROSADO 1,2g",BOT,C,1
24602,76599,"INTENSE LAP BAT VERMELHO 1,2g",BOT,C,7
24602,76600,"INTENSE LAP BAT PAPRICA 1,2g",BOT,C,15
24602,76601,"INTENSE LAP BAT VINHO 1,2g",BOT,E,8
24602,76665,MEN DES COL ONLY 100ml V2,BOT,B,18
24602,76666,MEN DES COL GALBE 100ml V2,BOT,B,18
24602,76678,BOTICOLL STYLETTO DES COL 100ml V3,BOT,B,15
24602,76700,LIZ DES COL 100ml,BOT,A,47
24602,76756,MALBEC SAB BARRA 2x80g,BOT,C,0
24602,76824,"MAKE B BAS PO MINERAL 70 5,5g",BOT,E,2
24602,77044,NSPA COND VITAL/PROT ROSE 300ml,BOT,C,3
24602,77045,NSPA MASC CAP VITAL/PROT ROSE 200G,BOT,C,6
24602,77114,QUASAR DES ANTIT AER BRAVE 75g/125ml V2,BOT,E,1
24602,77129,BOTIK SRM FAC ALT/POT PRENC AC/HIAL 30ml,BOT,B,9
24602,77131,BOTIK SRM FAC ALT/POT AC/KOJIC 30ML,BOT,C,3
24602,77133,BOTIK SERUM ALT POT PEPT/LIFT 30ml,BOT,C,2
24602,77138,BOTIK CR CON OLH RED/RUG AC/HIAL CAF 15g,BOT,B,1
24602,77143,BOTIK MASC FAC PUR ARG BCA RED/POR 100g,BOT,E,4
24602,77147,BOTIK TON MICLR FAC PURIF PREB 200ml,BOT,C,4
24602,77149,BOTIK GEL FAC LIMP NUTR VITAM B5 150G,BOT,C,1
24602,77183,LIZ CREM DES HID CPO 250g,BOT,E,10
24602,77270,MEN COND CAP 200ML,BOT,E,2
24602,77333,MALBEC SHAMP FRESH CLUB 250ml,BOT,E,3
24602,77486,UOMINI DES ANTIT AER 75g V7,BOT,C,5
24602,77488,REF UOMINI DES BDY SPR 100ml V6 PCK,BOT,C,1
24602,77489,THE BLEND EDP BOURBON 100ml,BOT,A,8
24602,77506,QUASAR DES COL DROP XY 100ml,BOT,E,1
24602,77517,LILY EDP LOVE 75ML V2,BOT,B,22
24602,77524,LILY EDP 75ML V2,BOT,A,48
24602,77685,LILY CREM DES HID ACET CPO ABSOLU 250g,BOT,C,8
24602,77690,CBEM LOC DES HID CPO BEIJINHO 400ml,BOT,E,8
24602,77745,REF CBEM LOC DES HID CPO BEIJINHO 400ml,BOT,E,6
24602,77781,QUASAR DES COL DROP XX 100ml,BOT,E,1
24602,77988,LILY EDP ABSOLU 75ML V2,BOT,B,19
24602,77989,LILY EDP LUMIERE 75ML,BOT,B,7
24602,77990,LILY CREM ACET HID DES CPO LUMIERE 250g,BOT,B,7
24602,78000,MALBEC DES BDY SPR BLACK 100ml V2 PCK,BOT,C,15
24602,79417,ARBO DES BDY SPR BOTANIC 100ml V2,BOT,B,22
24602,79565,BOTICOLL HORIZONTE DES ANTIT AER 75G,BOT,E,3
24602,79987,NSPA LOC DES HID CPO KARITE 200ML V3,BOT,E,4
24602,79997,GLAMOUR DES ANTIT AER 75g V7,BOT,C,4
24602,79998,GLAMOUR DES BDY SPR SEC BL 100ml V3 PCK,BOT,C,14
24602,80729,"MAKE B PO COMP FAC ILUM ROSE 5,4g",BOT,E,2
24602,80852,CBEM GEL CREM DES CPO ATIVA 200g,BOT,E,1
24602,80887,UOMINI DES BDY SPR 100ml V7 PCK,BOT,B,22
24602,80888,UOMINI DES BDY SPR INFINITE 100ml,BOT,B,10
24602,80972,COFFEE DES COL MAN SENSE 100ml,BOT,E,2
24602,81054,REF ARBO DES COL 100ml,BOT,C,12
24602,81108,GLAMOUR DES COL DIVA 75ml V2,BOT,B,20
24602,81330,COFFEE D/C ADD/MAN/ORIENT/AROM V2 100ml,BOT,A,15
24602,81331,ELYSEE EDP SUCCES 50ml,BOT,B,19
24602,81384,COFFEE D/COL ADD/WOM/ORIENT/FR V2 100ml,BOT,B,21
24602,81417,REF NSPA LOC DES REVIT CPO ROSE 400ML,BOT,C,7
24602,81423,ELYSEE CREM DES HID ACET CPO SUCCES 250g,BOT,C,6
24602,81480,"INTENSE LAPIS P/SOBRANC 1 1,1g",BOT,E,3
24602,81481,"INTENSE LAPIS P/SOBRANC 2 1,1g",BOT,E,2
24602,81508,KIT BOTIK COMPLETO,BOT,E,1
24602,81602,"MAKE B BAT CREM C/AC POLIG REV BRW 3,6g",BOT,C,1
24602,81605,"MAKE B BAT CREM C/AC POL ROSA CASH 3,6g",BOT,C,14
24602,81608,"MAKE B BAT CREM C/AC POL NUD MALVA 3,6g",BOT,C,14
24602,81610,"MAKE B BAT CREM C/AC POL REVOL RED 3,6g",BOT,B,2
24602,81612,"MAKE B BAT CREM C/AC POL SOFT NUD 3,6g",BOT,C,1
24602,81613,"MAKE B BAT CREM C/AC POL WATERMELON 3,6g",BOT,C,7
24602,81614,"MAKE B BAT CREM C/AC POL FASH BERR 3,6g",BOT,C,1
24602,81618,MAKE B BAT MATE C/AC POLIGL RED SUPR 4g,BOT,C,2
24602,81621,MAKE B BAT MATE C/AC POLIG ORANGE FEV 4g,BOT,C,5
24602,81623,MAKE B BAT MATE C/AC POLIGL VIOLET 4g,BOT,C,1
24602,81624,MAKE B BAT MATE C/AC POLIGL HOT BROWN 4g,BOT,C,2
24602,81626,MAKE B BAT MATE C/AC POLIGL ROS FABUL 4g,BOT,C,2
24602,81633,MAKE B BASE LIQ RETIN H INVISIVEL 26G,BOT,E,2
24602,81634,MAKE B BASE LIQ RETIN H  15 26g,BOT,E,2
24602,81636,MAKE B BASE LIQ RETIN H COR 25 26g,BOT,C,2
24602,81637,MAKE B BASE LIQ RETIN H COR 30 26g,BOT,E,1
24602,81638,MAKE B BASE LIQ RETIN H COR 40 26G,BOT,E,2
24602,81639,MAKE B BASE LIQ RETIN H COR 50 26g,BOT,E,2
24602,81640,MAKE B BASE LIQ RETIN H COR 53 26g,BOT,E,2
24602,81644,MAKE B BASE LIQ RETIN H COR 70 26g,BOT,E,2
24602,81645,MAKE B BASE LIQ RETIN H COR 75 26g,BOT,E,1
24602,81646,MAKE B BASE LIQ RETIN H COR 80 26g,BOT,E,2
24602,81654,MATCH SHAMP A SECO OL 150ml,BOT,E,4
24602,81756,LINDA DES COL IRRESISTIVEL 100ml,BOT,B,12
24602,81884,INTENSE LOC DES HID CPO OOPSS 200ml,BOT,C,1
24602,81954,FLORATTA DES COL SIMPLE LOVE 75ml,BOT,E,15
24602,82046,NSPA LOC DES CPO A/STRES JAS/SAMB 200ml,BOT,B,16
24602,82052,NSPA DES COL BODY SPLASH JAS/SAMB 200ml,BOT,B,8
24602,82059,OUI EDP SCAPIN 245 75ml,BOT,E,0
24602,82065,"INTENSE LAP BAT ROSA 1,2g",BOT,C,5
24602,82238,BOTICOLL DES COL THATY 200ml,BOT,B,24
24602,82239,MAKE B BAS LIQ PROT HYAL 70 INVIS 30ml,BOT,E,2
24602,82246,REF CBEM LOC DES HID CPO BOA NOITE 400ml,BOT,E,5
24602,82250,REF NSPA LOC DES CPO A/STR JAS/SAM 400ml,BOT,C,4
24602,82265,NSPA SAB LIQ CPO ESF A/STR JAS/SAM 175ml,BOT,C,8
24602,82448,MAKE B BAT LIQ RETIN H RED VELVET 11ml,BOT,E,8
24602,82449,MAKE B BAT LIQ RETIN H EASY PINK 11ml,BOT,E,5
24602,82450,MAKE B BAT LIQ RETIN H WINE BLOSSOM 11ml,BOT,E,5
24602,82451,MAKE B BAT LIQ RETIN H SALTED CARAM 11ml,BOT,E,7
24602,82452,MAKE B BAT LIQ RETIN H CINNAMON LOV 11ml,BOT,E,7
24602,82464,MAKE B BASE LIQ RETIN H COR 10 26g,BOT,E,1
24602,82476,BOTICOL PORTINARI DES ANT/A 75g/125ml V7,BOT,E,3
24602,82491,"REF MAKE B BAT CR C/AC POL REV RED 3,6g",BOT,E,2
24602,82492,"REF MAKE B BAT CR C/AC POL ROS CASH 3,6g",BOT,E,2
24602,82493,"REF MAKE B BAT GLOSSY C/AC POL WINE 3,6G",BOT,E,1
24602,82494,"REF MAKE B BAT CR C/AC POL SOFT NUD 3,6g",BOT,E,2
24602,82495,REF MAKE B BAT MATE C/AC POL HOT BROW 4g,BOT,E,4
24602,82528,"MAKE B CORRET LIQ FAC EFFECT 10 5,7ml",BOT,E,2
24602,82531,"MAKE B CORRET LIQ FAC EFFECT 25 5,7ml",BOT,E,1
24602,82533,"MAKE B CORRET LIQ FAC EFFECT 40 5,7ml",BOT,E,2
24602,82534,"MAKE B CORRET LIQ FAC EFFECT 50 5,7ml",BOT,E,2
24602,82535,"MAKE B CORRET LIQ FAC EFFECT 60 5,7ml",BOT,E,2
24602,82536,"MAKE B CORRET LIQ FAC EFFECT 70 5,7ml",BOT,E,2
24602,82537,"MAKE B CORRET LIQ FAC EFFECT 80 5,7ml",BOT,E,2
24602,82540,MAKE B BAS LIQ MATE SALICYLIC 110 30g,BOT,E,4
24602,82541,MAKE B BAS LIQ MATE SALICYLIC 130 30g,BOT,C,2
24602,82542,MAKE B BAS LIQ MATE SALICYLIC 140 30g,BOT,C,2
24602,82543,MAKE B BAS LIQ MATE SALICYLIC 160 30g,BOT,E,4
24602,82544,MAKE B BAS LIQ MATE SALICYLIC 170 30g,BOT,E,3
24602,82545,MAKE B BAS LIQ MATE SALICYLIC 210 30g,BOT,C,1
24602,82546,MAKE B BAS LIQ MATE SALICYLIC 230 30g,BOT,C,4
24602,82547,MAKE B BAS LIQ MATE SALICYLIC 240 30g,BOT,E,2
24602,82548,MAKE B BAS LIQ MATE SALICYLIC 250 30g,BOT,C,2
24602,82549,MAKE B BAS LIQ MATE SALICYLIC 260 30g,BOT,C,2
24602,82550,MAKE B BAS LIQ MATE SALICYLIC 270 30g,BOT,E,1
24602,82551,MAKE B BAS LIQ MATE SALICYLIC 280 30g,BOT,E,2
24602,82552,MAKE B BAS LIQ MATE SALICYLIC 300 30g,BOT,E,2
24602,82553,MAKE B BAS LIQ MATE SALICYLIC 310 30g,BOT,E,2
24602,82586,MATCH COND POS QUIMICA 250ml,BOT,C,8
24602,82605,"MAKE B CORRET LIQ FAC FL IL RET H10 2,5g",BOT,E,2
24602,82609,"MAKE B CORRET LIQ FAC FL IL RET H40 2,5g",BOT,E,1
24602,82610,"MAKE B CORRET LIQ FAC FL IL RET H50 2,5g",BOT,E,2
24602,82612,"MAKE B CORR LIQ FLSH IL FAC RET H60 2,5g",BOT,E,2
24602,82685,EGEO DES COL BOMB BLACK C/CAR 90ml,BOT,A,0
24602,82686,EGEO DES COL BLUE C/CAR 90ml,BOT,A,88
24602,82688,EGEO DES COL DOLCE C/CAR 90ml,BOT,A,154
24602,82689,EGEO DES COL CHOC C/CAR 90ml,BOT,B,85
24602,82690,EGEO DES COL RED C/CART 90ml,BOT,A,36
24602,82700,MATCH SHAMP HIDRATACAO ANTIF 300ml,BOT,C,15
24602,82701,MATCH COND HIDRATACAO ANTIF 280ML,BOT,C,15
24602,82707,MATCH LEAVE IN NUTR PROF 150ml,BOT,C,1
24602,82795,CBEM COND FEIRA PASTA ABACATE 170ml,BOT,E,14
24602,82815,MAKE B DEMAQ BIF MICLR 110ML V3,BOT,C,1
24602,82824,MATCH SHAMP MATIZADOR LOIROS 300ml,BOT,E,15
24602,82825,MATCH COND LOIRO REPARADO 280ml,BOT,C,15
24602,82844,MATCH SHAMP LISO PROLONGADO 300ml,BOT,C,5
24602,82845,MATCH COND LISO PROLONGADO 280ml,BOT,C,2
24602,82847,MATCH MASC CAP LISO PROLONGADO 250g,BOT,C,11
24602,82887,MATCH SHAMP HIDRATACAO E BRLH 300ml,BOT,C,1
24602,82888,MATCH COND HIDRATACAO E BRLH 280ml,BOT,C,7
24602,82890,MATCH SPR BRLH HIDRATACAO E BRLH 100ml,BOT,C,15
24602,82948,MATCH TON CAP ANTI OLEOSIDADE 100ml,BOT,E,11
24602,82959,FLAC OUI EDP SCAPIN 245 3x1ml,BOT,E,0
24602,82964,FLAC OUI EDP ICONIQUE 001 3x1ml,BOT,E,0
24602,82979,MALBEC TON CRESC CAP CLUB 100ml,BOT,E,1
24602,83046,REF QUASAR DES BDY SPR RUSH 100ML,BOT,E,2
24602,83059,CELEBRE DES COL FOUG AROM FORC 100ml,BOT,A,88
24602,83060,CELEBRE DES COL FLOR FRUT FORC 100ml,BOT,A,10
24602,83061,CELEBRE LOC DES HID CPO FORC 200ml,BOT,C,4
24602,83065,LIZ DES ANTIT AER 75g,BOT,C,10
24602,83072,NSPA SHAMP ROSE 300ml V2,BOT,C,5
24602,83124,REF MATCH MASC CAP NUTR/PROF 250ml,BOT,E,8
24602,83140,REF MATCH COND HID/BRLH 250ml,BOT,C,4
24602,83145,REF MATCH COND LISO PROLONGADO 250ml,BOT,C,0
24602,83151,REF MATCH SHAMP LISO PROLONGADO 250ml,BOT,C,3
24602,83156,REF MATCH SHAMP HID/BRLH 250ml,BOT,C,3
24602,83211,REF CELEBRE DES COL FOUG AROM FORC 100ml,BOT,E,2
24602,83212,REF CELEBRE DES COL FLOR FRUT FORC 100ml,BOT,E,3
24602,83356,FLORATTA DES COL SPLSH ROSE 200ml,BOT,B,13
24602,83357,FLORATTA DES COL SPLASH BLUE 200ml,BOT,C,11
24602,83372,GLAMOUR DES COL 30ml,BOT,C,23
24602,83391,ARBO SHW GEL REG 200g,BOT,E,0
24602,83420,REF MAKE B BASE LIQ RETIN H 80 COR10 26g,BOT,E,2
24602,83422,REF MAKE B BASE LIQ RETIN H 80 COR20 26g,BOT,E,1
24602,83426,REF MAKE B BASE LIQ RETIN H COR 50 26g,BOT,E,1
24602,83429,REF MAKE B BASE LIQ RETIN H 80 COR60 26g,BOT,E,1
24602,83430,REF MAKE B BASE LIQ RETIN H COR 65 26g,BOT,E,2
24602,83432,REF MAKE B BASE LIQ RETIN H 80 COR75 26g,BOT,E,2
24602,83453,NSPA GEL DES HID CPO AMEI 250G,BOT,E,1
24602,83457,NSPA GEL DES HID CPO AMEI/NEG 250g,BOT,C,1
24602,83519,NSPA GEL DES HID CPO ALOE VERA 250g,BOT,E,2
24602,83529,THE BLEND EDP CARDAMOM 100ml,BOT,A,11
24602,83550,BOTIK SRUM ALT/POT RETIN PURO 30ml,BOT,B,5
24602,83551,BOTIK GEL CREM REDUT RUG RETIN PURO 30g,BOT,C,4
24602,83607,MAKE B BAS LIQ PROT HYAL 70 COR 80 30ML,BOT,E,2
24602,83618,QDB SAB LIQ CPO LICH 200ml,QDB,E,0
24602,83697,MATCH SHAMP OL CONTROLADA 300ml,BOT,C,15
24602,83699,MATCH COND OL CONTROLADA 280ml,BOT,C,16
24602,83756,COFFEE DES COL WOMAN LUCKY 100ML,BOT,B,15
24602,83764,NSPA OL PREC CPO MULTIBEN JASM/SAM 50ML,BOT,E,1
24602,83766,BOTIK SRUM ALT/POT AC/GLICOL 30ml,BOT,C,4
24602,83768,BOTIK MASC FAC RESET NOT AC/GLICOL 40g,BOT,C,4
24602,83770,BOTIK SOLUC DESINCRUST AC/GLICOL 200ml,BOT,C,4
24602,83859,MAKE B LENC DEMAQ SKIN C/20,BOT,E,2
24602,83894,MAKE B HID FAC ACQUA JELLY 50g,BOT,E,2
24602,83960,ARBO DES ANTIT AER 75ml V9,BOT,C,31
24602,83961,ARBO DES BDY SPR 100ml V6,BOT,B,34
24602,83971,LILY DES COL LEAU DE 75ml,BOT,B,18
24602,84049,ESTJ CBEM OBRIGADA/22,BOT,E,3
24602,84055,MALBEC DES BDY SPR VERT 100ml,BOT,C,14
24602,84056,FLORATTA DES BDY SPR RED 100ml,BOT,E,15
24602,84057,FLORATTA DES BDY SPR F/SECRET 100ML,BOT,E,15
24602,84182,LILY DES COL BDY SPLSH 200ml,BOT,B,11
24602,84193,BOTIK CREM MULTIREP CICA PANT/NIAC 30ml,BOT,C,1
24602,84209,GLAMOUR DES COL GOLD GLAM 75ml,BOT,C,1
24602,84213,EGEO DES COL VAN VIBE 90ml,BOT,B,37
24602,84214,EGEO DES COL SPCY VIBE C/CAR 90ml,BOT,A,73
24602,84224,GLAMOUR DES COL FEVER 75ml V2,BOT,B,53
24602,84225,GLAMOUR DES ANTIT AER SEC BL 75g V6,BOT,C,6
24602,84228,GLAMOUR DES BDY SPR 100ml V6 PCK,BOT,B,9
24602,84241,REF BOTIK MASC FAC RESET NOT AC/GLIC 40g,BOT,C,2
24602,84243,REF CBEM LOC DES HID CPO PESSEGURA 350ml,BOT,E,9
24602,84255,REF GLAMOUR DES COL 75ml,BOT,E,6
24602,84260,REF GLAMOUR DES COL SEC BL 75ml,BOT,B,9
24602,84314,CBEM COND FEIRA OL/COCO 170ml,BOT,E,14
24602,84385,MALBEC EDP SIGNATURE V3 90ml,BOT,C,8
24602,84387,MALBEC DES COL V6 100ml,BOT,A,106
24602,84388,MALBEC DES COL NOIR V3 100ml,BOT,B,12
24602,84390,MALBEC DES COL MAGNETIC V3 100ml,BOT,A,15
24602,84391,MALBEC DES COL GOLD V3 100ml,BOT,A,26
24602,84392,MALBEC DES COL BLACK V2 100ml,BOT,B,17
24602,84399,MALBEC DES COL FLAME V2 100ml,BOT,B,11
24602,84400,MALBEC DES COL BLEU V2 100ml,BOT,A,17
24602,84487,LINDA LOC DES HID CPO IRRESISTIVEL 200ml,BOT,C,8
24602,84529,"INTENSE BALM LAB DESENV ORGULHO 3,2g",BOT,E,1
24602,84677,MALBEC SAB BARRA PURE GOLD 2x80g,BOT,E,1
24602,84682,MALBEC SAB BARRA CUIDADOS 2x80g,BOT,C,6
24602,84705,REF MALBEC DES COL 100ml,BOT,E,31
24602,84739,MATCH SHAMP NUTR PROFUNDA V2 50ml,BOT,E,2
24602,84743,REF MATCH MASC CAP NUTR/PROF V2 250ml,BOT,C,8
24602,84744,MATCH MASC CAP NUTRICAO PROFUNDA V2 70g,BOT,C,1
24602,84808,"BOTIK REPAR LAB CIC/PANT/CER 7,5ml",BOT,C,5
24602,84888,EUD MAKE BAT LIQ S/M K/M VERM/MAGNIF 5ml,EUD,E,0
24602,84889,EUD MAKE BAT LIQ S/M K/M ROS/FABUL 5ml,EUD,E,0
24602,84890,EUD MAKE BAT LIQ S/M K/M MARROM/ATR 5ml,EUD,E,0
24602,84946,EUD MAKE MASC/CILIO TURBO 10g,EUD,E,0
24602,85006,"EUD MAKE GLOS LAB K/M INCOLOR 5,2ml",EUD,E,0
24602,85051,REF NSPA OL GLOR D H CPO AMEIXA 150ml,BOT,E,7
24602,85052,REF NSPA OL GLOR D H CPO AMEIX/NEG 150ml,BOT,E,7
24602,85058,REF NSPA OL GLOR D H CPO AMEN/QUIN 150ml,BOT,E,7
24602,85067,EGEO DES COL COGU MELLOW 90ml,BOT,E,1
24602,85069,EGEO DES COL COGU MELLOW PRM 10ml,BOT,E,23
24602,85096,NSPA OL GLORIOSO DES HID CPO AMEIX 200ml,BOT,E,23
24602,85097,NSPA OL GLOR DES HID CPO AMEIX/NEG 200ml,BOT,E,20
24602,85098,NSPA OL GLOR DES HID CPO ORQ/NOIRE 200ml,BOT,E,8
24602,85099,NSPA OL GLOR DES HID CPO AMEN/QUIN 200ml,BOT,E,12
24602,85120,CBEM SAB BARRA DELEITE V4 2x80g,BOT,C,19
24602,85124,CBEM LOC DES HID CPO DELEITE V3 400ml,BOT,B,10
24602,85163,NSPA OLEO/CREME CPO AMEIXA 200g,BOT,B,4
24602,85164,"MAKE B BAT CREM CLR U/BALLET LC WIN 3,6g",BOT,C,3
24602,85285,INSTANCE SAB LIQ ESF CPO F/VER V4 180g,EUD,E,0
24602,85306,INSTANCE SAB LIQ INT FR/VERM RPCK 180ml,EUD,E,0
24602,85308,INSTANCE SAB BARRA KARITE RPCK 4x80g,EUD,E,0
24602,85311,INSTANC OL BIF D H CPO CER/AM RPCK 200ml,EUD,E,0
24602,85312,INSTANCE SAB BARR CER/AMEND RPCK 4x80g,EUD,E,0
24602,85313,INSTANCE SAB BARR MARACUJA RPCK 4x80g,EUD,E,0
24602,85314,INSTANCE OLEO BIF CPO ROSAS 200ml,EUD,E,0
24602,85315,INSTANCE CR HID MAOS ROSAS 30g,EUD,E,0
24602,85316,INSTANCE CR HID MAOS FR/VERM V2 30g,EUD,E,0
24602,85317,INSTANCE CR HID MAOS KARITE RPCK 30g,EUD,E,0
24602,85318,INSTANCE CR HID MAOS CER/AMEND RPCK 30g,EUD,E,0
24602,85324,CBEM CR HID CPO DEPIL DOC/PESSEGUR 150ml,BOT,C,9
24602,85353,INSTANCE SAB VEGT BARR PERF ROSAS 4x80g,EUD,E,0
24602,85369,INSTANCE SAB BARR FR/VERM RPCK 4x80g,EUD,E,0
24602,85395,INSTANCE SAB BARR AMEIXA/PRALINE 4x80g,EUD,E,0
24602,85396,INSTANCE CR HID MAOS AMEI/PRAL RPCK 30g,EUD,E,0
24602,85452,NEXT PASTA MODEL CAP 150g,BOT,E,9
24602,85482,FLORATTA DES BDY SPR F/SECRET V2 100ml,BOT,B,25
24602,85483,FLORATTA DES BDY SPRAY RED V2 100ml,BOT,B,15
24602,85542,REF CBEM LOC DES HID CPO DEL V3 350ml,BOT,B,43
24602,85543,CBEM LOC DES HID CPO DELEITE V3 200ml,BOT,B,15
24602,85547,CBEM SAB BARRA SORTIDO V2 4x80g,BOT,B,91
24602,85548,REF MATCH COND NUTR/PROF V2 250ml,BOT,C,6
24602,85564,CBEM SAB BARRA DELEITE V2 4x80g,BOT,B,38
24602,85584,NSPA OL GLOR DES HID CPO ORQ/LUM 200ml,BOT,E,9
24602,85606,INSENSATEZ DES COL V4 100ml,BOT,B,36
24602,85668,"MAKE B ILUM PO COMP FAC ROSE V2 5,4g",BOT,E,2
24602,85797,REF ELYSEE CR DES HID ACET CPO V2 200g,BOT,C,10
24602,85846,MAKE B BAS LIQ C/GLYCOL TX 130 V2 30g,BOT,E,2
24602,85847,MAKE B BAS LIQ C/GLYCOL TX 300 V2 30g,BOT,E,2
24602,85848,MAKE B BAS LIQ C/GLYCOL TX 190 V2 30g,BOT,C,2
24602,85849,MAKE B BAS LIQ C/GLYCOL TX 120 V2 30g,BOT,C,1
24602,85850,MAKE B BAS LIQ C/GLYCOL TX 260 V2 30g,BOT,E,1
24602,85852,MAKE B BAS LIQ C/GLYCOL TX 180 V2 30g,BOT,C,1
24602,85853,MAKE B BAS LIQ C/GLYCOL TX 230 V2 30g,BOT,E,2
24602,85854,MAKE B BAS LIQ C/GLYCOL TX 100 V2 30g,BOT,E,2
24602,85856,MAKE B BAS LIQ C/GLYCOL TX 220 V2 30g,BOT,E,2
24602,85857,MAKE B BAS LIQ C/GLYCOL TX 320 V2 30g,BOT,E,2
24602,85858,MAKE B BAS LIQ C/GLYCOL TX 330 V2 30g,BOT,E,2
24602,85864,MAKE B BAS LIQ C/GLYCOL TX 210 V2 30g,BOT,C,2
24602,85916,CBEM LOC DES HID CPO DOC/DELIRIOS 400ml,BOT,E,1
24602,85918,CBEM SAB BARR DOCES DELIRIOS 4x80g,BOT,E,3
24602,85920,CBEM DES COL BDY SPLSH AMORUDA 200ml,BOT,B,82
24602,85933,MALBEC SPRAY INTIMO PURE GOLD 75ml,BOT,C,41
24602,85935,HER CODE CREM AVELUD DES CPO 250g,BOT,B,4
24602,85936,HER CODE OL MASS CPO TOUCH 150ml,BOT,B,2
24602,85943,"MAKE B BAT SHE MULTIF BTY/NAT CHERR 3,6g",BOT,E,1
24602,85945,"MAKE B BAT SHE MULTIF BTY/NAT GUAVA 3,6g",BOT,E,3
24602,85946,"MAKE B BAT SHE MULTIF BTY/NAT MAUVE 3,6g",BOT,E,1
24602,85947,HER CODE LOC DES HID CPO CLIMAX 200ml,BOT,E,12
24602,86037,MATCH SHAMP MATIZ LOIROS V2 300ml,BOT,C,15
24602,86041,INSTANCE DES ANT ROLL CHA VD/ROM V2 55ml,EUD,E,0
24602,86042,INSTANCE DES ANTIT CREM KARITE V2 80g,EUD,E,0
24602,86079,BOTICOLL DES COL FELICITA 100ml,BOT,E,3
24602,86081,BOTICOLL PORTINARI D/COL MEMORIAS 100ml,BOT,E,3
24602,86092,CBEM D/COL BDY SPLSH FEIR CACH/UVA 200ml,BOT,B,35
24602,86094,CBEM SPR PERF P/CAB FEIR CACH/UVA 100ml,BOT,E,23
24602,86154,ESTJ BOTIK ACIDO HIALURONICO V2,BOT,C,5
24602,86166,MAKE B BALM LAB NIGHT MASK LIP/CHRON 9g,BOT,C,7
24602,86167,ESTJ LILY JUMBO REG/25,BOT,B,10
24602,86169,ESTJ MALBEC JUMBO REG/25,BOT,E,11
24602,86170,ESTJ ZAAD NAT/25,BOT,E,4
24602,86171,ESTJ LILY 02 NAT/25,BOT,E,7
24602,86172,ESTJ MALBEC NAT/25,BOT,E,6
24602,86173,ESTJ BOTICA 214 GOLD/GARD NAT/25,BOT,E,3
24602,86175,ESTJ HER CODE TOUCH NAT/25,BOT,E,8
24602,86176,ESTJ FLORATTA RED PASSION NAT/25,BOT,E,7
24602,86177,ESTJ MALBEC GOLD NAT/25,BOT,E,4
24602,86178,ESTJ COFFEE WOMAN SEDUCTION NAT/25,BOT,E,6
24602,86179,ESTJ ARBO NAT/25,BOT,E,2
24602,86180,ESTJ EGEO DOLCE NAT/25,BOT,E,6
24602,86181,ESTJ LILY LEAU/LILY SOLEIL NAT/25,BOT,E,6
24602,86182,ESTJ LILY ACETINADOS NAT/25,BOT,E,4
24602,86183,ESTJ FLORATTA RED 02 NAT/25,BOT,E,7
24602,86184,ESTJ BOTICOLL PORTINARI NAT/25,BOT,E,4
24602,86188,ESTJ QUASAR DEEP BLUE NAT/25,BOT,E,3
24602,86189,ESTJ LIZ NAT/25,BOT,E,5
24602,86190,ESTJ NSPA AMEIXA NEGRA NAT/25,BOT,E,6
24602,86191,ESTJ EGEO BLUE NAT/25,BOT,E,2
24602,86192,ESTJ EGEO CHOC NAT/25,BOT,E,5
24602,86193,ESTJ INSENSATEZ NAT/25,BOT,E,5
24602,86194,ESTJ CBEM DELEITE NAT/25,BOT,E,0
24602,86195,ESTJ CELEBRE AGORA MASC NAT/25,BOT,E,7
24602,86196,ESTJ CELEBRE AGORA FEM NAT/25,BOT,E,9
24602,86197,ESTJ NSPA CER/ROUGE NAT/25,BOT,E,10
24602,86200,ESTJ CBEM PESSEGURA NAT/25,BOT,E,3
24602,86201,ESTJ MALBEC P1 NAT/25,BOT,E,10
24602,86202,ESTJ LILY NAT/25,BOT,E,15
24602,86203,ESTJ FLORATTA RED NAT/25,BOT,E,4
24602,86204,ESTJ CBEM ROSA/ALGODAO NAT/25,BOT,E,3
24602,86206,ESTJ HER CODE REG/25,BOT,E,18
24602,86295,MATCH MASC CAP SCIENCE RECONS V3 250g,BOT,E,12
24602,86297,ESTJ SOPHIE SPIDER GWEN CRIANC/25,BOT,E,6
24602,86336,MALBEC SHW GEL CAB/CPO 200g,BOT,C,1
24602,86339,"MAKE B BAT CREM U/BALLET LAC/BALLET 3,6g",BOT,E,5
24602,86340,"MAKE B BAT BAL CREM U/B LACE RED 3,6g",BOT,E,4
24602,86353,"MAKE B BAT CR NARC AI QUE LOUCURA 3,6g",BOT,E,3
24602,86355,"MAKE B BAT CREM NAR DON TCH IS ART 3,6g",BOT,E,3
24602,86369,NSPA DES COL BDY SPLSH ORQ/LUMIERE 200ml,BOT,E,14
24602,86429,NEXT PASTA MODEL CAP PRM 30g,BOT,E,34
24602,86431,ESTJ ZAAD REG/25,BOT,E,12
24602,86432,ESTJ EGEO DOLCE REG/25,BOT,E,27
24602,86465,ESTJ CBEM DELEITE REG/25,BOT,E,36
24602,86538,EUD MAKE MASC/CILIO TURBO VOLUMACO 10g,EUD,E,0
24602,86611,"EUD MAKE GLOS LAB K/M PESS/FLASH 5,2ml",EUD,E,0
24602,86666,MATCH BOOSTER CAP REC CIEN/CURV V2 90ml,BOT,E,8
24602,86667,MATCH LEAV IN CAP LEVE CIEN/CUR V2 250ml,BOT,C,6
24602,86670,MATCH CR P/PENT CRESP CIEN/CURV V2 450ml,BOT,C,6
24602,86754,REF NSPA SAB LIQ PERF ORQ/NOIRE V2 200ml,BOT,C,4
24602,86756,NSPA SAB LIQ PERF QUINOA V2 250ml,BOT,E,24
24602,86758,REF NSPA SAB LIQ CPO AMEI/NEGRA V2 200ml,BOT,B,8
24602,86759,REF NSPA SAB LIQ PERF AMEIXA V2 200ml,BOT,B,9
24602,86765,NSPA LOC DES HID CP FIRM QUINOA V3 400ml,BOT,B,9
24602,86865,BOTI SUN PROT SOL CPO GEL CR FPS70 120g,BOT,C,5
24602,86866,BOTI SUN PROT SOL CPO GEL CR FPS50 120g,BOT,E,5
24602,86868,CLASH CR PRE E POS BARBA 150g,BOT,C,19
24602,86869,CLASH LOC DES HID CPO 200ml,BOT,C,9
24602,86870,CLASH SAB BARR 2x80g,BOT,C,23
24602,86895,LILY DES COL LEAU/LILY BLANCHE 75ml,BOT,A,42
24602,86897,LILY DES COL LEAU/LILY BLANCHE PRM 10ml,BOT,E,9
24602,86948,NEXT SAB TEIA SPIDER MAN 90g,BOT,E,1
24602,86949,NEXT COL SPIDER MAN 75ml,BOT,E,11
24602,86950,NEXT GEL FIX P/CAB SPIDER MAN 150g,BOT,E,9
24602,86951,SOPHIE COL SPIDER GWEN 100ml,BOT,E,5
24602,86952,SOPHIE JELLY CREAM CPO SPID/GWEN 150g,BOT,E,7
24602,86954,SOPHIE PLT MULTIF HYDR/LIN SPID/GWEN 17g,BOT,E,9
24602,86982,EGEO DES COL MELANCIA 90ml,BOT,B,1
24602,86983,HER CODE EDP CLIMAX 50ml,BOT,E,42
24602,86988,LIZ CREM DES HID CPO AURA 250g,BOT,C,12
24602,86990,LIZ DES COL AURA 100ml,BOT,A,61
24602,87018,REF MATCH SHAMP NUTR/REGEN 250ml,BOT,E,9
24602,87019,REF MATCH COND NUTR/REGEN 250ml,BOT,E,3
24602,87020,REF MATCH MASC CAP NUTR/REGEN 250ml,BOT,E,16
24602,87030,REF BOTIK SRUM FAC ALT/POT AC/HIAL 30ml,BOT,E,3
24602,87031,REF BOTIK SRUM FAC ALT/POT VITAM C 30ml,BOT,E,3
24602,87039,MAKE B BAS LIQ PROT HYAL70 INVIS V3 30ml,BOT,E,2
24602,87040,MAKE B BAS LIQ PROT HYAL70 COR10 V2 30ml,BOT,E,2
24602,87041,MAKE B BAS LIQ PROT HYAL70 COR15 V2 30ml,BOT,E,2
24602,87043,MAKE B BAS LIQ PROT HYAL70 COR25 V2 30ml,BOT,E,2
24602,87045,MAKE B BAS LIQ PROT HYAL70 COR40 V2 30ml,BOT,E,2
24602,87046,MAKE B BAS LIQ PROT HYAL70 COR50 V2 30ml,BOT,E,2
24602,87047,MAKE B BAS LIQ PROT HYAL70 COR60 V2 30ml,BOT,E,2
24602,87048,MAKE B BAS LIQ PROT HYAL70 COR70 V2 30ml,BOT,E,2
24602,87049,MAKE B BAS LIQ PROT HYAL70 COR80 V2 30ml,BOT,E,2
24602,87064,CBEM SHAMP FEIRA CACH/UVA 270ml,BOT,C,15
24602,87066,CBEM COND FEIR CACH/UVA 250ml,BOT,C,14
24602,87067,CBEM MASC CAP FEIR CACH/UVA 250ml,BOT,C,4
24602,87068,CBEM CREM PENT FEIR CACH/UVA 300ml,BOT,C,9
24602,87073,CBEM SHAMP FEIR OL/COCO 230ml,BOT,E,7
24602,87075,CBEM MASC CAP FEIR OL/COCO 250ml,BOT,E,17
24602,87078,CBEM MASC CAP FEIRA BANANA 250ml,BOT,C,15
24602,87079,CBEM SHAMP FEIR PAST/ABAC 230ml,BOT,C,7
24602,87081,CBEM MASC CAP FEIRA PAST/ABAC 250ml,BOT,C,12
24602,87101,"MAKE B BALM LAB N/PEEL LIP/CHRO INC 3,6g",BOT,E,2
24602,87102,"MAKE B BALM LAB CLR/REP LIP/CHR RED 3,6g",BOT,C,6
24602,87103,"MAKE B BALM LAB CLR/REP LIP/CH PINK 3,6g",BOT,C,5
24602,87139,EGEO DES COL COGU 90ml,BOT,E,159
24602,87203,KIT BOTIK V2,BOT,C,1
24602,87253,INSTANCE CR HID MAOS OBS/BAUN 30g,EUD,E,0
24602,87256,INSTANCE SAB LIQ MAOS OBS/BAUN V3 400ml,EUD,E,0
24602,87257,INSTANCE SAB LIQ MAOS FR/VERM RPCK 400ml,EUD,E,0
24602,87259,INSTANCE SAB LIQ MAOS KARITE RPCK 400ml,EUD,E,0
24602,87268,"MAKE B PLT MULTIF READY 45,2g",BOT,E,2
24602,87271,"MAKE B BAT CREM U/BALLET LACE ROSE 3,6g",BOT,E,2
24602,87272,NSPA DES COL BDY SPLSH UVA MERLOT 200ml,BOT,B,1
24602,87315,CBEM LOC DES HID CPO AMORUDA 200ml,BOT,C,17
24602,87321,CBEM SAB LIQ ESF CPO AMORUDA 200ml,BOT,C,16
24602,87326,CBEM BASTAO ANTIATR EF/SHORT AMORA 35g,BOT,B,26
24602,87327,CBEM SAB BARR CPO AMORUDA 2x80g,BOT,B,36
24602,87352,MAKE B PINCEL DUPLO MULTIF SILVER PRO,BOT,E,1
24602,87353,BOTI BABY NANINHA FIDO PES,BOT,E,0
24602,87363,SOPHIE NEXT NECESS SP/MAN SP/GWEN CR VEL,BOT,E,0
24602,87364,NSPA NECESS PREMIUM PES,BOT,E,1
24602,87373,CBEM SAB BARRA BEIJINHO V3 2x80g,BOT,C,1
24602,87374,NSPA SAB BARRA CORP AMEI/NEG V3 2x90g,BOT,B,1
24602,87443,CBEM LOC DES HID CPO AMORUDA 400ml,BOT,C,17
24602,87454,CBEM COND FEIRA OLEO COCO V2 170ml,BOT,E,14
24602,87478,BOTIK GEL LIMP FAC VITAM C V2 200g,BOT,B,6
24602,87482,BOTIK CREM FAC FIRM AC/HIAL V3 40g,BOT,B,6
24602,87483,REF BOTIK CR FAC FIRM AC/HIAL V2 40g,BOT,C,4
24602,87484,BOTIK ACQ GEL H FAC ANTIS AC/POL V2 50g,BOT,C,3
24602,87491,BOTIK GEL LIMP F MCL AC MAND/SAL V2 150g,BOT,C,18
24602,87536,PMPCK BOTI SUN ALTA PROTECAO,BOT,E,3
24602,87761,INSTANCE D/C BDY SPLSH MARACUJA V2 200ml,EUD,E,0
24602,87766,INSTANCE D/C BDY SPLSH AMEIX/PR V3 200ml,EUD,E,0
24602,87771,"MAKE B BLUSH COMP BERRY MINI PRM 1,5g",BOT,E,59
24602,87773,QUASAR DES COL RUSH V3 100ml,BOT,B,21
24602,87896,FLORATTA EDP RED PASSION V2 75ml,BOT,A,7
24602,87920,LILY SHAMP ACET V2 250ml,BOT,E,0
24602,87926,"INTENSE BAT MAT 360 V4 3,8g",BOT,C,2
24602,87959,"INTENSE BAT MAT 520 V3 3,8g",BOT,C,1
24602,87960,"INTENSE BAT MAT 130 V4 3,8g",BOT,C,1
24602,88007,MATCH COND SCIENCE CRESCIMENTO V2 280ml,BOT,C,15
24602,88009,MAKE B BAT LIQ MAT AC/POL ULT/BRW V2 5ml,BOT,C,1
24602,88010,MAKE B BAT LIQ MAT AC/POL DARK/RG V2 5ml,BOT,C,0
24602,88011,MAKE B BAT LIQ MAT AC/POL EXO/ROS V2 5ml,BOT,C,1
24602,88012,MAKE B BAT LIQ MAT AC/POL G/BERR V2 5ml,BOT,C,2
24602,88015,MAKE B BAT LIQ MAT AC/POL DEEP/RO V2 5ml,BOT,C,0
24602,88016,MAKE B BAT LIQ MAT AC/POL BRW/WIN V2 5ml,BOT,C,5
24602,88018,MAKE B BAT LIQ MAT AC/POL WARM/CA V2 5ml,BOT,C,1
24602,88019,BOTICA 214 EDP DARK MINT V3 90ml,BOT,A,6
24602,88022,BOTICA 214 EDP FOUG/AR V/FIRENZ V2 90ml,BOT,B,21
24602,88023,LILY CR D H CP BNH LEAU/LILY BLANC 200ml,BOT,E,9
24602,88031,CBEM LOC DES HID CPO AMORUDA PRM 50ml,BOT,E,19
24602,88129,BOTIK SRUM FAC A/P PREENCH AC/H PRM 10ml,BOT,E,3
24602,88209,ESTJ NSPA AMEIXA REG/25,BOT,E,36
24602,88301,AU MIGOS PETS COL ADULT CHAMEGO 60ml,BOT,E,6
24602,88311,CBEM SAB BARRA MORAN/LEIT 4x80g,BOT,B,21
24602,88344,CAIXA LACO M MAES 25 BOTI,BOT,E,300
24602,88361,NSPA SAB BARRA AMEIXA V3 2x90g,BOT,C,0
24602,88365,NSPA SAB BARRA AMEIXA V5 3x90g,BOT,B,1
24602,88412,ESTJ CBEM SORTIDO SPLASHES NAT/25,BOT,E,8
24602,88468,NSPA SAB BARRA AMEIXA V7 90g,BOT,C,5
24602,88662,MAKE B BASE LIQ RETIN 3 H 130Q 26g,BOT,E,2
24602,88663,MAKE B BASE LIQ RETIN 3 H 140Q 26g,BOT,E,2
24602,88664,MAKE B BASE LIQ RETIN 3 H 185F 26g,BOT,E,2
24602,88665,MAKE B BASE LIQ RETIN 3 H 210Q 26g,BOT,E,2
24602,88666,MAKE B BASE LIQ RETIN 3 H 220Q 26g,BOT,E,2
24602,88669,MAKE B BASE LIQ RETIN 3 H 275N 26g,BOT,E,2
24602,88730,NSPA OL GLOR DES HID CPO CER/ROUGE 200ml,BOT,E,11
24602,88889,FLORATTA LOC DES H CP ROSE BOUQUET 200ml,BOT,E,24
24602,88911,LILY SAB BARRA V2 2x90g,BOT,B,24
24602,88921,ESTJ UOMINI NAT/25,BOT,E,5
24602,88924,ESTJ FLORATTA GOLD NAT/25,BOT,E,7
24602,89446,LILY CR AC DES HID CP LEAU/LILY SOL 200g,BOT,E,39
24602,89840,CAIXA LACO M BOTI PAIS/25 UNIT,BOT,E,8000
24602,92557,SIAGE SHAMP NUTRI DIAMOND 250ml RPCK,EUD,E,0
24602,92558,SIAGE MASC CAP NUTRI DIAMOND 250g RPCK,EUD,E,0
24602,92560,SIAGE COND NUTRI DIAMOND 200ml RPCK,EUD,E,0
24602,92561,SIAGE OL CAP NUTRI DIAMOND 110ml RPCK,EUD,E,0
24602,93103,SIAGE SHAMP NUTRI OL/POD 250ml,EUD,E,0
24602,95221,BOTI VALE PRESENTE PRODUTO 25UN,BOT,E,0
